FISH_KEY,DATE_CATCH,Sesn,Year,LOCATION_ID,ACCESS_CODE,WEIGHT,TOTAL_LENGTH,FORK_LENGTH,SEX,Age,MAT_CODE
468LA_1_F081_F,12-May-73,aSP,1973,468,F081,1950,,530,2,6,2
468LA_10_F081_F,16-May-73,aSP,1973,468,F081,441,,346,1,9,1
468LA_100_F081_F,03-Oct-81,Fa,1981,468,F081,734,680,430,1,11,2
468LA_1000_F081_F,22-Oct-03,Fa,2003,468,F081,404,374,333,9,,1
468LA_1001_F081_F,22-Oct-03,Fa,2003,468,F081,664,435,387,2,,2
468LA_1002_F081_F,22-Oct-03,Fa,2003,468,F081,836,486,436,2,,2
468LA_1003_F081_F,22-Oct-03,Fa,2003,468,F081,209,315,280,,,
468LA_1004_F081_F,22-Oct-03,Fa,2003,468,F081,884,475,427,2,,2
468LA_1005_F081_F,22-Oct-03,Fa,2003,468,F081,863,477,430,2,,2
468LA_1006_F081_F,22-Oct-03,Fa,2003,468,F081,1210,535,485,2,,2
468LA_1007_F081_F,22-Oct-03,Fa,2003,468,F081,413,378,340,2,,2
468LA_1008_F081_F,22-Oct-03,Fa,2003,468,F081,1217,547,487,2,,2
468LA_1009_F081_F,22-Oct-03,Fa,2003,468,F081,588,426,380,2,,2
468LA_101_F081_F,03-Oct-81,Fa,1981,468,F081,705,467,421,1,12,2
468LA_1010_F081_F,22-Oct-03,Fa,2003,468,F081,471,403,364,2,,2
468LA_1011_F081_F,22-Oct-03,Fa,2003,468,F081,219,305,273,,,
468LA_1012_F081_F,22-Oct-03,Fa,2003,468,F081,1089,513,463,1,,2
468LA_1013_F081_F,22-Oct-03,Fa,2003,468,F081,1119,490,440,2,,2
468LA_1014_F081_F,22-Oct-03,Fa,2003,468,F081,466,395,351,,,
468LA_1015_F081_F,22-Oct-03,Fa,2003,468,F081,710,451,406,2,,2
468LA_1016_F081_F,22-Oct-03,Fa,2003,468,F081,488,398,356,9,,1
468LA_1017_F081_F,22-Oct-03,Fa,2003,468,F081,499,396,354,9,,1
468LA_1018_F081_F,22-Oct-03,Fa,2003,468,F081,556,412,369,2,,2
468LA_1019_F081_F,22-Oct-03,Fa,2003,468,F081,874,466,422,1,,2
468LA_102_F081_F,03-Oct-81,Fa,1981,468,F081,457,388,350,1,6,2
468LA_1020_F081_F,22-Oct-03,Fa,2003,468,F081,962,479,430,2,,2
468LA_1021_F081_F,22-Oct-03,Fa,2003,468,F081,465,385,345,2,,2
468LA_1022_F081_F,22-Oct-03,Fa,2003,468,F081,751,467,416,2,,2
468LA_1023_F081_F,22-Oct-03,Fa,2003,468,F081,991,482,437,1,,2
468LA_1024_F081_F,22-Oct-03,Fa,2003,468,F081,632,438,393,2,,2
468LA_1025_F081_F,22-Oct-03,Fa,2003,468,F081,277,328,295,9,,1
468LA_1026_F081_F,22-Oct-03,Fa,2003,468,F081,161,278,249,,,
468LA_1027_F081_F,22-Oct-03,Fa,2003,468,F081,707,452,401,1,,2
468LA_1028_F081_F,22-Oct-03,Fa,2003,468,F081,306,345,305,2,,1
468LA_1029_F081_F,22-Oct-03,Fa,2003,468,F081,594,435,385,2,,2
468LA_103_F081_F,03-Oct-81,Fa,1981,468,F081,725,455,408,1,10,2
468LA_1030_F081_F,22-Oct-03,Fa,2003,468,F081,211,300,266,,,
468LA_1031_F081_F,22-Oct-03,Fa,2003,468,F081,251,330,296,,,
468LA_1032_F081_F,22-Oct-03,Fa,2003,468,F081,469,387,346,2,,2
468LA_1033_F081_F,01-Oct-04,Fa,2004,468,F081,681,448,401,2,,2
468LA_1034_F081_F,01-Oct-04,Fa,2004,468,F081,578,395,352,1,,1
468LA_1035_F081_F,01-Oct-04,Fa,2004,468,F081,463,400,360,2,,1
468LA_1036_F081_F,01-Oct-04,Fa,2004,468,F081,800,458,418,1,,2
468LA_1037_F081_F,01-Oct-04,Fa,2004,468,F081,1196,571,514,2,,2
468LA_1038_F081_F,01-Oct-04,Fa,2004,468,F081,220,320,285,1,,1
468LA_1039_F081_F,01-Oct-04,Fa,2004,468,F081,744,484,433,1,,1
468LA_104_F081_F,03-Oct-81,Fa,1981,468,F081,880,470,421,1,11,2
468LA_1040_F081_F,01-Oct-04,Fa,2004,468,F081,300,336,301,1,,1
468LA_1041_F081_F,01-Oct-04,Fa,2004,468,F081,367,367,327,2,,1
468LA_1042_F081_F,01-Oct-04,Fa,2004,468,F081,372,330,340,2,,1
468LA_1043_F081_F,01-Oct-04,Fa,2004,468,F081,559,421,374,2,,2
468LA_1044_F081_F,01-Oct-04,Fa,2004,468,F081,1137,502,464,2,,2
468LA_1045_F081_F,01-Oct-04,Fa,2004,468,F081,171,282,252,2,,1
468LA_1046_F081_F,01-Oct-04,Fa,2004,468,F081,163,282,252,2,,1
468LA_1047_F081_F,01-Oct-04,Fa,2004,468,F081,54,195,175,,,
468LA_1048_F081_F,01-Oct-04,Fa,2004,468,F081,983,477,427,2,,2
468LA_1049_F081_F,01-Oct-04,Fa,2004,468,F081,614,435,391,2,,2
468LA_105_F081_F,03-Oct-81,Fa,1981,468,F081,608,438,396,2,9,5
468LA_1050_F081_F,01-Oct-04,Fa,2004,468,F081,45,182,165,,,
468LA_1051_F081_F,01-Oct-04,Fa,2004,468,F081,110,242,215,1,,1
468LA_1052_F081_F,01-Oct-04,Fa,2004,468,F081,455,407,365,1,,2
468LA_1053_F081_F,01-Oct-04,Fa,2004,468,F081,292,342,306,2,,1
468LA_1054_F081_F,01-Oct-04,Fa,2004,468,F081,894,477,430,,,
468LA_1055_F081_F,26-Oct-05,Fa,2005,468,F081,923,475,430,1,,2
468LA_1056_F081_F,26-Oct-05,Fa,2005,468,F081,459,396,352,1,,1
468LA_1057_F081_F,26-Oct-05,Fa,2005,468,F081,659,428,385,2,,2
468LA_1058_F081_F,26-Oct-05,Fa,2005,468,F081,339,357,320,1,,1
468LA_1059_F081_F,26-Oct-05,Fa,2005,468,F081,606,431,385,2,,2
468LA_106_F081_F,03-Oct-81,Fa,1981,468,F081,618,438,395,1,9,2
468LA_1060_F081_F,26-Oct-05,Fa,2005,468,F081,656,427,382,1,,2
468LA_1061_F081_F,26-Oct-05,Fa,2005,468,F081,505,401,362,2,,2
468LA_1062_F081_F,26-Oct-05,Fa,2005,468,F081,571,427,378,1,,1
468LA_1063_F081_F,26-Oct-05,Fa,2005,468,F081,548,414,370,2,,2
468LA_1064_F081_F,26-Oct-05,Fa,2005,468,F081,831,471,428,2,,2
468LA_1065_F081_F,26-Oct-05,Fa,2005,468,F081,240,315,285,1,,1
468LA_1066_F081_F,26-Oct-05,Fa,2005,468,F081,748,475,427,2,,2
468LA_1067_F081_F,26-Oct-05,Fa,2005,468,F081,870,479,430,1,,2
468LA_1068_F081_F,26-Oct-05,Fa,2005,468,F081,674,463,413,2,,2
468LA_1069_F081_F,26-Oct-05,Fa,2005,468,F081,427,378,345,1,,1
468LA_107_F081_F,03-Oct-81,Fa,1981,468,F081,595,423,384,1,9,2
468LA_1070_F081_F,26-Oct-05,Fa,2005,468,F081,200,297,265,1,,1
468LA_1071_F081_F,26-Oct-05,Fa,2005,468,F081,684,455,408,2,,2
468LA_1072_F081_F,26-Oct-05,Fa,2005,468,F081,278,327,295,1,,1
468LA_1073_F081_F,26-Oct-05,Fa,2005,468,F081,392,369,334,2,,2
468LA_1074_F081_F,26-Oct-05,Fa,2005,468,F081,815,454,410,2,,2
468LA_1075_F081_F,26-Oct-05,Fa,2005,468,F081,460,393,350,1,,1
468LA_1076_F081_F,26-Oct-05,Fa,2005,468,F081,736,451,403,2,,2
468LA_1077_F081_F,26-Oct-05,Fa,2005,468,F081,546,412,372,2,,2
468LA_1078_F081_F,26-Oct-05,Fa,2005,468,F081,429,377,340,2,,2
468LA_1079_F081_F,26-Oct-05,Fa,2005,468,F081,160,273,247,1,,1
468LA_108_F081_F,03-Oct-81,Fa,1981,468,F081,1210,527,478,1,14,2
468LA_1080_F081_F,26-Oct-05,Fa,2005,468,F081,600,435,390,1,,2
468LA_1081_F081_F,26-Oct-05,Fa,2005,468,F081,1011,528,479,1,,1
468LA_1082_F081_F,26-Oct-05,Fa,2005,468,F081,857,471,431,1,,2
468LA_1083_F081_F,26-Oct-05,Fa,2005,468,F081,560,418,373,2,,2
468LA_1084_F081_F,26-Oct-05,Fa,2005,468,F081,473,387,344,1,,1
468LA_1085_F081_F,26-Oct-05,Fa,2005,468,F081,393,380,340,1,,1
468LA_1086_F081_F,26-Oct-05,Fa,2005,468,F081,813,463,417,2,,2
468LA_1087_F081_F,26-Oct-05,Fa,2005,468,F081,2061,633,573,2,,2
468LA_1088_F081_F,26-Oct-05,Fa,2005,468,F081,2986,696,631,2,,2
468LA_1089_F081_F,26-Oct-05,Fa,2005,468,F081,153,277,250,2,,1
468LA_109_F081_F,03-Oct-81,Fa,1981,468,F081,590,434,388,1,8,2
468LA_1090_F081_F,26-Oct-05,Fa,2005,468,F081,316,312,307,1,,1
468LA_1091_F081_F,18-Oct-06,Fa,2006,468,F081,945,485,434,2,,2
468LA_1092_F081_F,18-Oct-06,Fa,2006,468,F081,651,440,389,2,,2
468LA_1093_F081_F,18-Oct-06,Fa,2006,468,F081,543,428,385,1,,2
468LA_1094_F081_F,18-Oct-06,Fa,2006,468,F081,717,448,404,2,,2
468LA_1095_F081_F,18-Oct-06,Fa,2006,468,F081,962,513,457,1,,2
468LA_1096_F081_F,18-Oct-06,Fa,2006,468,F081,704,445,395,2,,6
468LA_1097_F081_F,18-Oct-06,Fa,2006,468,F081,722,473,425,1,,2
468LA_1098_F081_F,18-Oct-06,Fa,2006,468,F081,567,437,390,1,,1
468LA_1099_F081_F,18-Oct-06,Fa,2006,468,F081,363,380,337,2,,1
468LA_11_F081_F,16-May-73,aSP,1973,468,F081,712,,401,1,7,1
468LA_110_F081_F,03-Oct-81,Fa,1981,468,F081,570,424,381,1,7,2
468LA_1100_F081_F,18-Oct-06,Fa,2006,468,F081,952,510,465,2,,2
468LA_1101_F081_F,18-Oct-06,Fa,2006,468,F081,1108,509,453,1,,2
468LA_1102_F081_F,18-Oct-06,Fa,2006,468,F081,310,344,305,1,,1
468LA_1103_F081_F,18-Oct-06,Fa,2006,468,F081,554,427,381,1,,1
468LA_1104_F081_F,18-Oct-06,Fa,2006,468,F081,537,404,361,1,,1
468LA_1105_F081_F,18-Oct-06,Fa,2006,468,F081,791,475,435,2,,6
468LA_1106_F081_F,18-Oct-06,Fa,2006,468,F081,234,309,277,2,,1
468LA_1107_F081_F,18-Oct-06,Fa,2006,468,F081,289,341,303,1,,1
468LA_1108_F081_F,18-Oct-06,Fa,2006,468,F081,720,467,416,1,,2
468LA_1109_F081_F,18-Oct-06,Fa,2006,468,F081,314,350,314,1,,1
468LA_111_F081_F,03-Oct-81,Fa,1981,468,F081,596,427,384,1,8,2
468LA_1110_F081_F,18-Oct-06,Fa,2006,468,F081,466,392,351,2,,2
468LA_1111_F081_F,18-Oct-06,Fa,2006,468,F081,348,355,315,1,,1
468LA_1112_F081_F,18-Oct-06,Fa,2006,468,F081,811,482,427,2,,2
468LA_1113_F081_F,18-Oct-06,Fa,2006,468,F081,671,452,402,2,,2
468LA_1114_F081_F,18-Oct-06,Fa,2006,468,F081,223,322,288,1,,1
468LA_1115_F081_F,18-Oct-06,Fa,2006,468,F081,346,373,333,2,,1
468LA_1116_F081_F,18-Oct-06,Fa,2006,468,F081,233,322,285,1,,1
468LA_1117_F081_F,18-Oct-06,Fa,2006,468,F081,285,338,304,1,,1
468LA_1118_F081_F,18-Oct-06,Fa,2006,468,F081,670,439,392,2,,2
468LA_1119_F081_F,18-Oct-06,Fa,2006,468,F081,171,283,252,2,,1
468LA_112_F081_F,03-Oct-81,Fa,1981,468,F081,582,415,370,1,10,2
468LA_1120_F081_F,18-Oct-06,Fa,2006,468,F081,451,396,355,2,,6
468LA_1121_F081_F,18-Oct-06,Fa,2006,468,F081,414,375,340,2,,1
468LA_1122_F081_F,18-Oct-06,Fa,2006,468,F081,61,206,186,2,,1
468LA_1123_F081_F,18-Oct-06,Fa,2006,468,F081,265,331,297,1,,1
468LA_1124_F081_F,18-Oct-06,Fa,2006,468,F081,344,361,325,1,,2
468LA_1125_F081_F,18-Oct-06,Fa,2006,468,F081,351,358,322,1,,1
468LA_1126_F081_F,18-Oct-06,Fa,2006,468,F081,825,443,400,1,,1
468LA_1127_F081_F,18-Oct-06,Fa,2006,468,F081,709,453,406,1,,2
468LA_1128_F081_F,18-Oct-06,Fa,2006,468,F081,780,461,410,1,,2
468LA_1129_F081_F,18-Oct-06,Fa,2006,468,F081,892,513,460,2,,2
468LA_113_F081_F,03-Oct-81,Fa,1981,468,F081,726,457,412,1,10,2
468LA_1130_F081_F,18-Oct-06,Fa,2006,468,F081,245,327,292,2,,1
468LA_1131_F081_F,18-Oct-06,Fa,2006,468,F081,527,397,360,2,,2
468LA_1132_F081_F,18-Oct-06,Fa,2006,468,F081,695,471,421,2,,2
468LA_1133_F081_F,18-Oct-06,Fa,2006,468,F081,330,361,326,2,,1
468LA_1134_F081_F,01-Oct-04,Fa,2004,468,F081,45,182,165,,,
468LA_114_F081_F,03-Oct-81,Fa,1981,468,F081,1165,512,463,2,10,2
468LA_115_F081_F,03-Oct-81,Fa,1981,468,F081,1120,530,471,1,7,2
468LA_116_F081_F,03-Oct-81,Fa,1981,468,F081,586,418,378,1,8,2
468LA_117_F081_F,03-Oct-81,Fa,1981,468,F081,700,445,400,1,8,2
468LA_118_F081_F,03-Oct-81,Fa,1981,468,F081,952,484,438,1,10,2
468LA_119_F081_F,03-Oct-81,Fa,1981,468,F081,631,445,400,1,11,2
468LA_12_F081_F,16-May-73,aSP,1973,468,F081,1900,,555,2,12,2
468LA_120_F081_F,03-Oct-81,Fa,1981,468,F081,622,425,397,1,8,2
468LA_121_F081_F,03-Oct-81,Fa,1981,468,F081,596,435,391,1,8,2
468LA_122_F081_F,03-Oct-81,Fa,1981,468,F081,780,464,418,1,9,2
468LA_123_F081_F,03-Oct-81,Fa,1981,468,F081,1050,486,439,1,12,2
468LA_124_F081_F,03-Oct-81,Fa,1981,468,F081,875,463,418,1,8,2
468LA_125_F081_F,03-Oct-81,Fa,1981,468,F081,499,412,371,1,7,2
468LA_126_F081_F,03-Oct-81,Fa,1981,468,F081,552,430,383,1,7,2
468LA_127_F081_F,03-Oct-81,Fa,1981,468,F081,694,456,406,1,10,2
468LA_128_F081_F,03-Oct-81,Fa,1981,468,F081,828,460,418,1,11,2
468LA_129_F081_F,03-Oct-81,Fa,1981,468,F081,552,424,381,2,10,5
468LA_13_F081_F,16-May-73,aSP,1973,468,F081,722,,393,2,10,2
468LA_130_F081_F,03-Oct-81,Fa,1981,468,F081,586,428,383,1,6,2
468LA_131_F081_F,03-Oct-81,Fa,1981,468,F081,968,483,435,1,18,2
468LA_132_F081_F,08-Oct-81,Fa,1981,468,F081,479,406,362,1,8,2
468LA_133_F081_F,08-Oct-81,Fa,1981,468,F081,401,373,336,1,5,2
468LA_134_F081_F,08-Oct-81,Fa,1981,468,F081,635,448,401,1,,2
468LA_135_F081_F,08-Oct-81,Fa,1981,468,F081,543,420,378,1,7,2
468LA_136_F081_F,08-Oct-81,Fa,1981,468,F081,1074,501,455,1,11,2
468LA_137_F081_F,08-Oct-81,Fa,1981,468,F081,638,442,400,1,8,2
468LA_138_F081_F,08-Oct-81,Fa,1981,468,F081,734,462,417,1,9,2
468LA_139_F081_F,08-Oct-81,Fa,1981,468,F081,979,489,443,1,10,2
468LA_14_F081_F,16-May-73,aSP,1973,468,F081,1500,,513,1,11,2
468LA_140_F081_F,08-Oct-81,Fa,1981,468,F081,651,435,391,1,10,2
468LA_141_F081_F,08-Oct-81,Fa,1981,468,F081,551,422,380,1,9,2
468LA_142_F081_F,08-Oct-81,Fa,1981,468,F081,878,463,417,1,,2
468LA_1421_F081_F,28-Sep-81,Fa,1981,468,F081,865,,415,,,
468LA_1422_F081_F,28-Sep-81,Fa,1981,468,F081,570,,371,,,
468LA_1423_F081_F,28-Sep-81,Fa,1981,468,F081,815,,403,,,
468LA_1424_F081_F,28-Sep-81,Fa,1981,468,F081,785,,412,,,
468LA_1425_F081_F,28-Sep-81,Fa,1981,468,F081,740,,402,,,
468LA_1426_F081_F,28-Sep-81,Fa,1981,468,F081,890,,421,,,
468LA_1427_F081_F,26-Sep-81,Fa,1981,468,F081,1075,516,468,,,
468LA_1428_F081_F,26-Sep-81,Fa,1981,468,F081,1125,536,485,,,
468LA_1429_F081_F,26-Sep-81,Fa,1981,468,F081,795,455,406,,,
468LA_143_F081_F,08-Oct-81,Fa,1981,468,F081,535,411,368,1,9,2
468LA_1430_F081_F,27-Apr-87,aSP,1987,468,F081,623,,378,1,,1
468LA_1431_F081_F,27-Apr-87,aSP,1987,468,F081,393,,326,2,,1
468LA_1432_F081_F,27-Apr-87,aSP,1987,468,F081,589,,373,1,,1
468LA_1433_F081_F,27-Apr-87,aSP,1987,468,F081,459,,340,2,,1
468LA_1434_F081_F,27-Apr-87,aSP,1987,468,F081,583,,390,2,,1
468LA_1435_F081_F,27-Apr-87,aSP,1987,468,F081,588,,374,1,,1
468LA_1436_F081_F,27-Apr-87,aSP,1987,468,F081,378,,331,2,,1
468LA_1437_F081_F,27-Apr-87,aSP,1987,468,F081,753,,410,1,,1
468LA_1438_F081_F,27-Apr-87,aSP,1987,468,F081,461,,348,1,,1
468LA_1439_F081_F,27-Apr-87,aSP,1987,468,F081,436,,334,2,,1
468LA_144_F081_F,08-Oct-81,Fa,1981,468,F081,567,426,384,1,8,2
468LA_1440_F081_F,27-Apr-87,aSP,1987,468,F081,1323,,481,2,,1
468LA_1441_F081_F,27-Apr-87,aSP,1987,468,F081,594,,372,2,,1
468LA_1442_F081_F,27-Apr-87,aSP,1987,468,F081,644,,366,2,,1
468LA_1443_F081_F,01-May-87,aSP,1987,468,F081,655,,393,1,,2
468LA_1444_F081_F,01-May-87,aSP,1987,468,F081,334,,320,1,,2
468LA_1445_F081_F,26-May-87,aSP,1987,468,F081,699,,392,1,,2
468LA_1446_F081_F,26-May-87,aSP,1987,468,F081,782,,455,1,,2
468LA_1447_F081_F,26-May-87,aSP,1987,468,F081,1023,,469,1,,2
468LA_1448_F081_F,26-May-87,aSP,1987,468,F081,625,,400,2,,2
468LA_1449_F081_F,26-May-87,aSP,1987,468,F081,974,,445,2,,2
468LA_145_F081_F,08-Oct-81,Fa,1981,468,F081,606,442,396,1,9,2
468LA_1450_F081_F,26-May-87,aSP,1987,468,F081,226,,285,1,,1
468LA_1451_F081_F,26-May-87,aSP,1987,468,F081,4000,,615,1,,2
468LA_1452_F081_F,26-May-87,aSP,1987,468,F081,942,,440,1,,2
468LA_1453_F081_F,26-May-87,aSP,1987,468,F081,518,,368,2,,2
468LA_1455_F081_F,26-May-87,aSP,1987,468,F081,343,,330,1,,1
468LA_1456_F081_F,26-May-87,aSP,1987,468,F081,678,,403,1,,2
468LA_1457_F081_F,01-Jun-87,aSP,1987,468,F081,756,,406,2,,2
468LA_1458_F081_F,01-Jun-87,aSP,1987,468,F081,921,,432,2,,2
468LA_1459_F081_F,01-Jun-87,aSP,1987,468,F081,415,,341,2,,2
468LA_146_F081_F,08-Oct-81,Fa,1981,468,F081,1261,530,480,1,11,2
468LA_1460_F081_F,01-Jun-87,aSP,1987,468,F081,705,,392,2,,2
468LA_1461_F081_F,01-Jun-87,aSP,1987,468,F081,797,,416,2,,2
468LA_1462_F081_F,15-Jun-87,aSP,1987,468,F081,622,,408,2,,2
468LA_1463_F081_F,15-Jun-87,aSP,1987,468,F081,629,,423,2,,2
468LA_1464_F081_F,15-Jun-87,aSP,1987,468,F081,674,,420,2,,2
468LA_1465_F081_F,15-Jun-87,aSP,1987,468,F081,779,,433,2,,2
468LA_1466_F081_F,15-Jun-87,aSP,1987,468,F081,766,,426,2,,2
468LA_1467_F081_F,15-Jun-87,aSP,1987,468,F081,364,,356,2,,1
468LA_1468_F081_F,15-Jun-87,aSP,1987,468,F081,701,,456,1,,2
468LA_1469_F081_F,15-Jun-87,aSP,1987,468,F081,731,,461,2,,2
468LA_147_F081_F,08-Oct-81,Fa,1981,468,F081,642,446,401,1,9,2
468LA_1470_F081_F,15-Jun-87,aSP,1987,468,F081,1030,,475,1,,2
468LA_1471_F081_F,15-Jun-87,aSP,1987,468,F081,691,,390,1,,2
468LA_1472_F081_F,15-Jun-87,aSP,1987,468,F081,617,,405,1,,2
468LA_1473_F081_F,15-Jun-87,aSP,1987,468,F081,731,,449,1,,2
468LA_1474_F081_F,06-Jul-87,Fa,1987,468,F081,1060,,458,1,,2
468LA_1475_F081_F,06-Jul-87,Fa,1987,468,F081,981,,446,1,,2
468LA_1476_F081_F,06-Jul-87,Fa,1987,468,F081,1239,,480,1,,2
468LA_148_F081_F,08-Oct-81,Fa,1981,468,F081,721,448,403,1,10,2
468LA_1480_F081_F,06-Jul-87,Fa,1987,468,F081,309,,340,1,,2
468LA_1481_F081_F,06-Jul-87,Fa,1987,468,F081,707,,400,1,,2
468LA_1482_F081_F,06-Jul-87,Fa,1987,468,F081,700,,396,2,,2
468LA_1483_F081_F,06-Jul-87,Fa,1987,468,F081,735,,415,2,,2
468LA_1484_F081_F,06-Jul-87,Fa,1987,468,F081,900,,430,1,,2
468LA_1485_F081_F,06-Jul-87,Fa,1987,468,F081,1000,,445,1,,2
468LA_1486_F081_F,04-Aug-87,Fa,1987,468,F081,866,,420,2,,2
468LA_1487_F081_F,04-Aug-87,Fa,1987,468,F081,1224,,478,2,,2
468LA_1488_F081_F,04-Aug-87,Fa,1987,468,F081,973,,450,1,,2
468LA_1489_F081_F,04-Aug-87,Fa,1987,468,F081,1044,,430,1,,2
468LA_149_F081_F,08-Oct-81,Fa,1981,468,F081,613,440,396,1,10,2
468LA_1490_F081_F,04-Aug-87,Fa,1987,468,F081,481,,370,2,,1
468LA_1491_F081_F,04-Aug-87,Fa,1987,468,F081,1032,,450,1,,2
468LA_1492_F081_F,04-Aug-87,Fa,1987,468,F081,673,,390,1,,2
468LA_1493_F081_F,04-Aug-87,Fa,1987,468,F081,734,,400,2,,2
468LA_1494_F081_F,04-Aug-87,Fa,1987,468,F081,431,,350,1,,2
468LA_1495_F081_F,04-Aug-87,Fa,1987,468,F081,306,,315,1,,1
468LA_1496_F081_F,04-Aug-87,Fa,1987,468,F081,302,,310,1,,1
468LA_1497_F081_F,04-Aug-87,Fa,1987,468,F081,879,,428,2,,2
468LA_1498_F081_F,09-Sep-87,Fa,1987,468,F081,663,,400,1,,2
468LA_1499_F081_F,09-Sep-87,Fa,1987,468,F081,345,,330,1,,1
468LA_15_F081_F,16-May-73,aSP,1973,468,F081,231,,280,2,5,1
468LA_150_F081_F,08-Oct-81,Fa,1981,468,F081,459,392,350,1,7,2
468LA_1500_F081_F,09-Sep-87,Fa,1987,468,F081,378,,351,2,,1
468LA_1501_F081_F,09-Sep-87,Fa,1987,468,F081,331,,321,1,,1
468LA_1502_F081_F,09-Sep-87,Fa,1987,468,F081,550,,381,1,,2
468LA_1504_F081_F,09-Sep-87,Fa,1987,468,F081,309,,305,1,,2
468LA_1505_F081_F,09-Sep-87,Fa,1987,468,F081,363,,330,1,,1
468LA_1506_F081_F,09-Sep-87,Fa,1987,468,F081,329,,325,2,,1
468LA_1507_F081_F,09-Sep-87,Fa,1987,468,F081,472,,360,2,,1
468LA_1508_F081_F,09-Sep-87,Fa,1987,468,F081,407,,335,2,,2
468LA_1509_F081_F,09-Sep-87,Fa,1987,468,F081,3000,,625,1,,2
468LA_151_F081_F,08-Oct-81,Fa,1981,468,F081,717,479,426,1,10,2
468LA_1510_F081_F,30-Sep-87,Fa,1987,468,F081,792,,412,1,,2
468LA_1511_F081_F,30-Sep-87,Fa,1987,468,F081,712,,415,2,,2
468LA_1512_F081_F,30-Sep-87,Fa,1987,468,F081,484,,369,1,,2
468LA_1513_F081_F,30-Sep-87,Fa,1987,468,F081,307,,304,2,,1
468LA_1514_F081_F,30-Sep-87,Fa,1987,468,F081,826,,424,1,,2
468LA_1515_F081_F,30-Sep-87,Fa,1987,468,F081,983,,443,1,,2
468LA_1516_F081_F,30-Sep-87,Fa,1987,468,F081,1527,,502,2,,2
468LA_1517_F081_F,30-Sep-87,Fa,1987,468,F081,686,,418,1,,2
468LA_1518_F081_F,30-Sep-87,Fa,1987,468,F081,852,,442,2,,2
468LA_1519_F081_F,30-Sep-87,Fa,1987,468,F081,1104,,420,2,,2
468LA_152_F081_F,08-Oct-81,Fa,1981,468,F081,584,432,391,1,6,2
468LA_1520_F081_F,30-Sep-87,Fa,1987,468,F081,1151,,456,2,,2
468LA_1521_F081_F,27-Oct-87,Fa,1987,468,F081,698,,411,2,,2
468LA_1522_F081_F,27-Oct-87,Fa,1987,468,F081,272,,305,1,,1
468LA_1523_F081_F,27-Oct-87,Fa,1987,468,F081,625,,400,1,,2
468LA_1524_F081_F,27-Oct-87,Fa,1987,468,F081,701,,415,1,,2
468LA_1525_F081_F,27-Oct-87,Fa,1987,468,F081,1325,,491,2,,2
468LA_1526_F081_F,27-Oct-87,Fa,1987,468,F081,5000,,710,1,,2
468LA_1527_F081_F,27-Oct-87,Fa,1987,468,F081,344,,325,1,,1
468LA_1528_F081_F,27-Oct-87,Fa,1987,468,F081,1492,,515,2,,2
468LA_1529_F081_F,27-Oct-87,Fa,1987,468,F081,346,,325,1,,1
468LA_153_F081_F,08-Oct-81,Fa,1981,468,F081,881,472,429,1,9,2
468LA_1530_F081_F,27-Oct-87,Fa,1987,468,F081,528,,381,2,,2
468LA_1531_F081_F,27-Oct-87,Fa,1987,468,F081,658,,396,2,,2
468LA_1532_F081_F,27-Oct-87,Fa,1987,468,F081,1757,,515,2,,2
468LA_1533_F081_F,01-May-88,aSP,1988,468,F081,170,,255,1,,2
468LA_1534_F081_F,01-May-88,aSP,1988,468,F081,260,,292,1,,2
468LA_1535_F081_F,01-May-88,aSP,1988,468,F081,211,,268,1,,2
468LA_1536_F081_F,01-May-88,aSP,1988,468,F081,188,,255,1,,2
468LA_1537_F081_F,01-May-88,aSP,1988,468,F081,778,,403,1,,2
468LA_1538_F081_F,18-May-88,aSP,1988,468,F081,820,,423,2,,2
468LA_1539_F081_F,18-May-88,aSP,1988,468,F081,632,,380,1,,1
468LA_154_F081_F,08-Oct-81,Fa,1981,468,F081,538,433,386,1,,2
468LA_1540_F081_F,18-May-88,aSP,1988,468,F081,373,,336,2,,2
468LA_1541_F081_F,18-May-88,aSP,1988,468,F081,271,,312,1,,1
468LA_1542_F081_F,18-May-88,aSP,1988,468,F081,303,,319,1,,1
468LA_1543_F081_F,18-May-88,aSP,1988,468,F081,360,,332,1,,1
468LA_1544_F081_F,18-May-88,aSP,1988,468,F081,954,,438,1,,2
468LA_1545_F081_F,18-May-88,aSP,1988,468,F081,678,,395,2,,2
468LA_1546_F081_F,18-May-88,aSP,1988,468,F081,689,,393,1,,2
468LA_1547_F081_F,18-May-88,aSP,1988,468,F081,477,,350,2,,2
468LA_1548_F081_F,18-May-88,aSP,1988,468,F081,688,,394,1,,2
468LA_1549_F081_F,29-Jun-88,aSP,1988,468,F081,626,,382,2,,1
468LA_155_F081_F,08-Oct-81,Fa,1981,468,F081,649,442,394,1,9,2
468LA_1550_F081_F,29-Jun-88,aSP,1988,468,F081,474,,359,2,,2
468LA_1551_F081_F,29-Jun-88,aSP,1988,468,F081,292,,309,1,,1
468LA_1552_F081_F,29-Jun-88,aSP,1988,468,F081,649,,399,1,,2
468LA_1553_F081_F,29-Jun-88,aSP,1988,468,F081,847,,424,2,,2
468LA_1554_F081_F,29-Jun-88,aSP,1988,468,F081,522,,377,1,,1
468LA_1555_F081_F,29-Jun-88,aSP,1988,468,F081,653,,388,2,,1
468LA_1556_F081_F,29-Jun-88,aSP,1988,468,F081,850,,425,1,,2
468LA_1557_F081_F,29-Jun-88,aSP,1988,468,F081,1385,,485,1,,2
468LA_1558_F081_F,29-Jun-88,aSP,1988,468,F081,768,,407,1,,2
468LA_1559_F081_F,29-Jun-88,aSP,1988,468,F081,500,,362,2,,2
468LA_156_F081_F,08-Oct-81,Fa,1981,468,F081,713,461,417,1,8,2
468LA_1560_F081_F,29-Jun-88,aSP,1988,468,F081,1457,,492,2,,2
468LA_1561_F081_F,21-Sep-88,Fa,1988,468,F081,812,,418,1,,2
468LA_1562_F081_F,21-Sep-88,Fa,1988,468,F081,938,,440,1,,2
468LA_1563_F081_F,21-Sep-88,Fa,1988,468,F081,729,,412,1,,1
468LA_1564_F081_F,21-Sep-88,Fa,1988,468,F081,1062,,462,1,,2
468LA_1565_F081_F,21-Sep-88,Fa,1988,468,F081,830,,430,1,,2
468LA_1566_F081_F,21-Sep-88,Fa,1988,468,F081,496,,372,1,,1
468LA_1567_F081_F,21-Sep-88,Fa,1988,468,F081,1314,,460,2,,2
468LA_1568_F081_F,21-Sep-88,Fa,1988,468,F081,229,,280,2,,1
468LA_1569_F081_F,21-Sep-88,Fa,1988,468,F081,200,,270,2,,1
468LA_157_F081_F,08-Oct-81,Fa,1981,468,F081,471,411,371,1,7,2
468LA_1570_F081_F,21-Sep-88,Fa,1988,468,F081,1037,,443,1,,2
468LA_1571_F081_F,21-Sep-88,Fa,1988,468,F081,846,,422,2,,2
468LA_1572_F081_F,21-Sep-88,Fa,1988,468,F081,566,,380,1,,2
468LA_1573_F081_F,19-Oct-88,Fa,1988,468,F081,1000,,445,2,,2
468LA_1574_F081_F,19-Oct-88,Fa,1988,468,F081,907,,440,2,,2
468LA_1575_F081_F,19-Oct-88,Fa,1988,468,F081,1172,,476,1,,2
468LA_1576_F081_F,19-Oct-88,Fa,1988,468,F081,561,,380,2,,2
468LA_1577_F081_F,19-Oct-88,Fa,1988,468,F081,802,,414,1,,2
468LA_1578_F081_F,19-Oct-88,Fa,1988,468,F081,1043,,455,1,,2
468LA_1579_F081_F,19-Oct-88,Fa,1988,468,F081,699,,402,2,,2
468LA_158_F081_F,08-Oct-81,Fa,1981,468,F081,745,460,415,1,11,2
468LA_1580_F081_F,19-Oct-88,Fa,1988,468,F081,590,,385,1,,1
468LA_1581_F081_F,19-Oct-88,Fa,1988,468,F081,716,,413,1,,1
468LA_1582_F081_F,19-Oct-88,Fa,1988,468,F081,849,,412,2,,2
468LA_1583_F081_F,19-Oct-88,Fa,1988,468,F081,1180,,475,1,,2
468LA_1584_F081_F,19-Oct-88,Fa,1988,468,F081,420,,345,1,,1
468LA_1585_F081_F,23-May-89,aSP,1989,468,F081,705,,424,2,,2
468LA_1586_F081_F,23-May-89,aSP,1989,468,F081,392,,335,1,,1
468LA_1587_F081_F,23-May-89,aSP,1989,468,F081,1027,,441,1,,2
468LA_1588_F081_F,23-May-89,aSP,1989,468,F081,285,,301,2,,1
468LA_1589_F081_F,23-May-89,aSP,1989,468,F081,364,,347,2,,1
468LA_159_F081_F,08-Oct-81,Fa,1981,468,F081,681,446,405,1,11,2
468LA_1590_F081_F,23-May-89,aSP,1989,468,F081,1000,,456,1,,1
468LA_1591_F081_F,23-May-89,aSP,1989,468,F081,706,,424,1,,2
468LA_1592_F081_F,23-May-89,aSP,1989,468,F081,239,,297,2,,1
468LA_1593_F081_F,23-May-89,aSP,1989,468,F081,431,,336,2,,2
468LA_1594_F081_F,23-May-89,aSP,1989,468,F081,497,,362,2,,2
468LA_1595_F081_F,23-May-89,aSP,1989,468,F081,243,,290,1,,1
468LA_1596_F081_F,23-May-89,aSP,1989,468,F081,2230,,580,1,,2
468LA_1597_F081_F,27-Jun-89,aSP,1989,468,F081,1092,,471,2,,2
468LA_1598_F081_F,27-Jun-89,aSP,1989,468,F081,841,,430,1,,2
468LA_1599_F081_F,27-Jun-89,aSP,1989,468,F081,336,,320,2,,1
468LA_16_F081_F,19-May-73,aSP,1973,468,F081,4950,,726,1,19,2
468LA_160_F081_F,08-Oct-81,Fa,1981,468,F081,1139,507,460,1,13,2
468LA_1600_F081_F,27-Jun-89,aSP,1989,468,F081,756,,409,1,,2
468LA_1601_F081_F,27-Jun-89,aSP,1989,468,F081,556,,355,1,,1
468LA_1602_F081_F,27-Jun-89,aSP,1989,468,F081,983,,455,2,,2
468LA_1603_F081_F,27-Jun-89,aSP,1989,468,F081,632,,379,2,,2
468LA_1605_F081_F,27-Jun-89,aSP,1989,468,F081,916,,424,2,,2
468LA_1606_F081_F,27-Jun-89,aSP,1989,468,F081,605,,394,2,,2
468LA_1607_F081_F,27-Jun-89,aSP,1989,468,F081,282,,305,1,,1
468LA_1608_F081_F,11-Sep-89,Fa,1989,468,F081,1200,,439,2,,2
468LA_1609_F081_F,11-Sep-89,Fa,1989,468,F081,1274,,479,1,,2
468LA_161_F081_F,08-Oct-81,Fa,1981,468,F081,756,468,423,1,10,2
468LA_1610_F081_F,11-Sep-89,Fa,1989,468,F081,631,,393,2,,1
468LA_1611_F081_F,11-Sep-89,Fa,1989,468,F081,849,,415,1,,2
468LA_1612_F081_F,11-Sep-89,Fa,1989,468,F081,3091,,629,2,,2
468LA_1613_F081_F,11-Sep-89,Fa,1989,468,F081,1486,,477,2,,2
468LA_1614_F081_F,11-Sep-89,Fa,1989,468,F081,628,,402,2,,1
468LA_1615_F081_F,11-Sep-89,Fa,1989,468,F081,641,,394,2,,1
468LA_1616_F081_F,11-Sep-89,Fa,1989,468,F081,471,,360,1,,1
468LA_1617_F081_F,11-Sep-89,Fa,1989,468,F081,440,,342,1,,2
468LA_1618_F081_F,11-Sep-89,Fa,1989,468,F081,1030,,434,1,,2
468LA_1619_F081_F,02-Oct-89,Fa,1989,468,F081,1647,,456,2,,2
468LA_162_F081_F,12-Oct-81,Fa,1981,468,F081,678,424,394,1,,2
468LA_1620_F081_F,02-Oct-89,Fa,1989,468,F081,980,,442,1,,2
468LA_1621_F081_F,02-Oct-89,Fa,1989,468,F081,1110,,465,2,,2
468LA_1622_F081_F,24-Oct-89,Fa,1989,468,F081,734,,392,2,,1
468LA_1623_F081_F,24-Oct-89,Fa,1989,468,F081,425,,345,1,,1
468LA_1624_F081_F,24-Oct-89,Fa,1989,468,F081,347,,320,2,,1
468LA_1625_F081_F,24-Oct-89,Fa,1989,468,F081,613,,396,2,,2
468LA_1626_F081_F,24-Oct-89,Fa,1989,468,F081,493,,360,1,,1
468LA_1627_F081_F,24-Oct-89,Fa,1989,468,F081,903,,445,1,,2
468LA_1628_F081_F,24-Oct-89,Fa,1989,468,F081,541,,377,2,,2
468LA_1629_F081_F,16-May-90,aSP,1990,468,F081,680,,392,2,,2
468LA_163_F081_F,12-Oct-81,Fa,1981,468,F081,504,412,369,1,7,2
468LA_1630_F081_F,16-May-90,aSP,1990,468,F081,359,,330,1,,1
468LA_1631_F081_F,16-May-90,aSP,1990,468,F081,1576,,517,2,,2
468LA_1632_F081_F,16-May-90,aSP,1990,468,F081,958,,444,2,,2
468LA_1633_F081_F,16-May-90,aSP,1990,468,F081,357,,331,2,,1
468LA_1634_F081_F,16-May-90,aSP,1990,468,F081,405,,335,1,,1
468LA_1635_F081_F,16-May-90,aSP,1990,468,F081,457,,349,2,,1
468LA_1636_F081_F,16-May-90,aSP,1990,468,F081,636,,390,1,,1
468LA_1637_F081_F,16-May-90,aSP,1990,468,F081,413,,343,1,,1
468LA_1638_F081_F,16-May-90,aSP,1990,468,F081,414,,332,2,,2
468LA_1639_F081_F,16-May-90,aSP,1990,468,F081,757,,407,2,,2
468LA_164_F081_F,12-Oct-81,Fa,1981,468,F081,720,465,419,1,11,2
468LA_1640_F081_F,16-May-90,aSP,1990,468,F081,771,,422,1,,1
468LA_1641_F081_F,19-Jun-90,aSP,1990,468,F081,693,,410,2,,1
468LA_1642_F081_F,19-Jun-90,aSP,1990,468,F081,326,,322,1,,1
468LA_1643_F081_F,19-Jun-90,aSP,1990,468,F081,516,,371,1,,2
468LA_1644_F081_F,19-Jun-90,aSP,1990,468,F081,1543,,509,1,,2
468LA_1645_F081_F,19-Jun-90,aSP,1990,468,F081,980,,436,2,,2
468LA_1646_F081_F,19-Jun-90,aSP,1990,468,F081,798,,407,1,,2
468LA_1647_F081_F,19-Jun-90,aSP,1990,468,F081,470,,357,1,,1
468LA_1648_F081_F,19-Jun-90,aSP,1990,468,F081,1302,,472,1,,2
468LA_1649_F081_F,19-Jun-90,aSP,1990,468,F081,913,,437,1,,2
468LA_165_F081_F,12-Oct-81,Fa,1981,468,F081,850,463,417,1,,2
468LA_1650_F081_F,19-Jun-90,aSP,1990,468,F081,441,,346,2,,1
468LA_1651_F081_F,09-Sep-90,Fa,1990,468,F081,649,,401,1,,1
468LA_1652_F081_F,09-Sep-90,Fa,1990,468,F081,1012,,440,1,,2
468LA_1653_F081_F,09-Sep-90,Fa,1990,468,F081,1595,,492,2,,2
468LA_1654_F081_F,09-Sep-90,Fa,1990,468,F081,626,,391,2,,1
468LA_1655_F081_F,09-Sep-90,Fa,1990,468,F081,1251,,469,2,,2
468LA_1656_F081_F,09-Sep-90,Fa,1990,468,F081,773,,411,1,,2
468LA_1657_F081_F,09-Sep-90,Fa,1990,468,F081,1528,,510,1,,2
468LA_1658_F081_F,09-Sep-90,Fa,1990,468,F081,257,,293,2,,1
468LA_1659_F081_F,09-Sep-90,Fa,1990,468,F081,1540,,503,2,,2
468LA_166_F081_F,12-Oct-81,Fa,1981,468,F081,855,473,428,1,,2
468LA_1660_F081_F,09-Sep-90,Fa,1990,468,F081,394,,347,2,,2
468LA_1661_F081_F,09-Sep-90,Fa,1990,468,F081,696,,399,1,,2
468LA_1662_F081_F,09-Sep-90,Fa,1990,468,F081,1197,,446,2,,2
468LA_1663_F081_F,09-Sep-90,Fa,1990,468,F081,1305,,467,2,,2
468LA_1664_F081_F,15-May-91,aSP,1991,468,F081,1479,,510,1,,2
468LA_1665_F081_F,15-May-91,aSP,1991,468,F081,380,,330,1,,1
468LA_1666_F081_F,15-May-91,aSP,1991,468,F081,344,,326,1,,1
468LA_1667_F081_F,15-May-91,aSP,1991,468,F081,1020,,444,1,,2
468LA_1668_F081_F,15-May-91,aSP,1991,468,F081,689,,395,2,,2
468LA_1669_F081_F,15-May-91,aSP,1991,468,F081,569,,374,1,,2
468LA_167_F081_F,12-Oct-81,Fa,1981,468,F081,555,423,380,1,,2
468LA_1670_F081_F,15-May-91,aSP,1991,468,F081,1440,,497,1,,2
468LA_1671_F081_F,15-May-91,aSP,1991,468,F081,616,,380,1,,2
468LA_1672_F081_F,15-May-91,aSP,1991,468,F081,1729,,511,1,,2
468LA_1673_F081_F,15-May-91,aSP,1991,468,F081,861,,412,2,,2
468LA_1674_F081_F,15-May-91,aSP,1991,468,F081,926,,429,2,,2
468LA_1675_F081_F,15-May-91,aSP,1991,468,F081,1010,,450,2,,2
468LA_1676_F081_F,15-May-91,aSP,1991,468,F081,855,,417,1,,2
468LA_1677_F081_F,10-Sep-91,Fa,1991,468,F081,950,,431,2,,2
468LA_1678_F081_F,10-Sep-91,Fa,1991,468,F081,2626,,586,2,,2
468LA_1679_F081_F,10-Sep-91,Fa,1991,468,F081,718,,420,1,,1
468LA_168_F081_F,12-Oct-81,Fa,1981,468,F081,455,399,355,1,6,2
468LA_1680_F081_F,10-Sep-91,Fa,1991,468,F081,919,,445,1,,2
468LA_1681_F081_F,10-Sep-91,Fa,1991,468,F081,684,,408,2,,2
468LA_1682_F081_F,10-Sep-91,Fa,1991,468,F081,749,,410,2,,2
468LA_1683_F081_F,10-Sep-91,Fa,1991,468,F081,593,,378,1,,2
468LA_1684_F081_F,10-Sep-91,Fa,1991,468,F081,870,,420,2,,2
468LA_1685_F081_F,10-Sep-91,Fa,1991,468,F081,677,,399,1,,2
468LA_1686_F081_F,10-Sep-91,Fa,1991,468,F081,665,,394,1,,2
468LA_1687_F081_F,10-Sep-91,Fa,1991,468,F081,1365,,486,2,,2
468LA_1688_F081_F,10-Sep-91,Fa,1991,468,F081,1102,,460,1,,2
468LA_1689_F081_F,20-May-92,aSP,1992,468,F081,289,,304,1,,1
468LA_169_F081_F,12-Oct-81,Fa,1981,468,F081,865,475,428,1,10,2
468LA_1690_F081_F,20-May-92,aSP,1992,468,F081,1206,,477,1,,2
468LA_1691_F081_F,20-May-92,aSP,1992,468,F081,667,,408,1,,2
468LA_1692_F081_F,20-May-92,aSP,1992,468,F081,376,,340,1,,1
468LA_1693_F081_F,20-May-92,aSP,1992,468,F081,548,,373,1,,2
468LA_1694_F081_F,20-May-92,aSP,1992,468,F081,595,,385,1,,2
468LA_1695_F081_F,20-May-92,aSP,1992,468,F081,744,,412,2,,2
468LA_1696_F081_F,20-May-92,aSP,1992,468,F081,742,,408,1,,2
468LA_1697_F081_F,20-May-92,aSP,1992,468,F081,684,,392,2,,2
468LA_1698_F081_F,20-May-92,aSP,1992,468,F081,530,,378,1,,2
468LA_1699_F081_F,20-May-92,aSP,1992,468,F081,658,,403,1,,2
468LA_17_F081_F,15-Jun-73,aSP,1973,468,F081,1040,,457,1,8,2
468LA_170_F081_F,12-Oct-81,Fa,1981,468,F081,737,460,415,1,,2
468LA_1700_F081_F,20-May-92,aSP,1992,468,F081,903,,439,1,,2
468LA_1701_F081_F,20-May-92,aSP,1992,468,F081,3148,,634,1,,2
468LA_1702_F081_F,15-Sep-92,Fa,1992,468,F081,527,,367,2,,1
468LA_1703_F081_F,15-Sep-92,Fa,1992,468,F081,768,,430,2,,1
468LA_1704_F081_F,15-Sep-92,Fa,1992,468,F081,624,,408,2,,1
468LA_1705_F081_F,15-Sep-92,Fa,1992,468,F081,567,,380,1,,1
468LA_1706_F081_F,15-Sep-92,Fa,1992,468,F081,1618,,499,2,,2
468LA_1707_F081_F,15-Sep-92,Fa,1992,468,F081,425,,341,1,,1
468LA_1708_F081_F,15-Sep-92,Fa,1992,468,F081,842,,401,2,,2
468LA_1709_F081_F,15-Sep-92,Fa,1992,468,F081,783,,423,2,,1
468LA_171_F081_F,12-Oct-81,Fa,1981,468,F081,168,283,253,,3,
468LA_1710_F081_F,15-Sep-92,Fa,1992,468,F081,825,,435,2,,1
468LA_1711_F081_F,15-Sep-92,Fa,1992,468,F081,768,,414,2,,2
468LA_1712_F081_F,15-Sep-92,Fa,1992,468,F081,868,,432,1,,2
468LA_1713_F081_F,07-Oct-92,Fa,1992,468,F081,865,467,430,,,
468LA_1714_F081_F,07-Oct-92,Fa,1992,468,F081,645,412,385,,,
468LA_1715_F081_F,07-Oct-92,Fa,1992,468,F081,633,423,403,,,
468LA_1716_F081_F,07-Oct-92,Fa,1992,468,F081,688,433,392,,,
468LA_1717_F081_F,07-Oct-92,Fa,1992,468,F081,948,455,430,,,
468LA_1718_F081_F,07-Oct-92,Fa,1992,468,F081,474,390,375,,,
468LA_1719_F081_F,07-Oct-92,Fa,1992,468,F081,786,455,420,,,
468LA_172_F081_F,12-Oct-81,Fa,1981,468,F081,878,463,420,1,12,2
468LA_1720_F081_F,07-Oct-92,Fa,1992,468,F081,541,395,380,,,
468LA_1721_F081_F,07-Oct-92,Fa,1992,468,F081,1071,532,500,,,
468LA_1722_F081_F,07-Oct-92,Fa,1992,468,F081,826,460,435,,,
468LA_1723_F081_F,07-Oct-92,Fa,1992,468,F081,625,415,385,,,
468LA_1724_F081_F,08-Sep-93,Fa,1993,468,F081,742,,413,2,,1
468LA_1725_F081_F,08-Sep-93,Fa,1993,468,F081,780,,404,2,,2
468LA_1726_F081_F,08-Sep-93,Fa,1993,468,F081,1346,,475,1,,2
468LA_1727_F081_F,08-Sep-93,Fa,1993,468,F081,1071,,457,2,,2
468LA_1728_F081_F,08-Sep-93,Fa,1993,468,F081,933,,445,1,,2
468LA_1729_F081_F,08-Sep-93,Fa,1993,468,F081,552,,374,1,,1
468LA_173_F081_F,12-Oct-81,Fa,1981,468,F081,1069,515,460,1,14,2
468LA_1730_F081_F,08-Sep-93,Fa,1993,468,F081,756,,406,1,,2
468LA_1731_F081_F,08-Sep-93,Fa,1993,468,F081,698,,404,2,,1
468LA_1732_F081_F,08-Sep-93,Fa,1993,468,F081,748,,408,1,,2
468LA_1733_F081_F,08-Sep-93,Fa,1993,468,F081,672,,405,1,,1
468LA_1734_F081_F,13-Sep-94,Fa,1994,468,F081,768,,429,1,,2
468LA_1735_F081_F,13-Sep-94,Fa,1994,468,F081,818,,417,2,,2
468LA_1736_F081_F,13-Sep-94,Fa,1994,468,F081,1026,,473,2,,1
468LA_1737_F081_F,13-Sep-94,Fa,1994,468,F081,1356,,495,1,,2
468LA_1738_F081_F,13-Sep-94,Fa,1994,468,F081,1067,,462,2,,2
468LA_1739_F081_F,13-Sep-94,Fa,1994,468,F081,984,,430,2,,2
468LA_174_F081_F,12-Oct-81,Fa,1981,468,F081,960,472,422,2,12,2
468LA_1740_F081_F,13-Sep-94,Fa,1994,468,F081,927,,429,1,,2
468LA_1741_F081_F,13-Sep-94,Fa,1994,468,F081,815,,404,2,,2
468LA_1742_F081_F,13-Sep-94,Fa,1994,468,F081,923,,440,1,,2
468LA_1743_F081_F,13-Sep-94,Fa,1994,468,F081,1299,,475,2,,2
468LA_1744_F081_F,13-Sep-94,Fa,1994,468,F081,961,,473,1,,2
468LA_1745_F081_F,13-Sep-94,Fa,1994,468,F081,861,,430,1,,2
468LA_1746_F081_F,20-Sep-95,Fa,1995,468,F081,759,,421,1,,2
468LA_1747_F081_F,20-Sep-95,Fa,1995,468,F081,802,,425,1,,2
468LA_1748_F081_F,20-Sep-95,Fa,1995,468,F081,872,,445,1,,1
468LA_1749_F081_F,20-Sep-95,Fa,1995,468,F081,1067,,452,2,,2
468LA_175_F081_F,12-Oct-81,Fa,1981,468,F081,648,447,398,1,9,2
468LA_1750_F081_F,20-Sep-95,Fa,1995,468,F081,923,,423,2,,2
468LA_1751_F081_F,20-Sep-95,Fa,1995,468,F081,864,,426,1,,2
468LA_1752_F081_F,20-Sep-95,Fa,1995,468,F081,720,,415,1,,2
468LA_1753_F081_F,20-Sep-95,Fa,1995,468,F081,941,,440,2,,1
468LA_1754_F081_F,20-Sep-95,Fa,1995,468,F081,751,,421,1,,2
468LA_1755_F081_F,20-Sep-95,Fa,1995,468,F081,635,,396,2,,1
468LA_1756_F081_F,20-Sep-95,Fa,1995,468,F081,602,,394,1,,2
468LA_1757_F081_F,14-Sep-99,Fa,1999,468,F081,653,,402,1,,2
468LA_1758_F081_F,14-Sep-99,Fa,1999,468,F081,1078,,466,1,,2
468LA_1759_F081_F,14-Sep-99,Fa,1999,468,F081,539,,384,2,,2
468LA_176_F081_F,12-Oct-81,Fa,1981,468,F081,1142,515,462,2,13,2
468LA_1760_F081_F,14-Sep-99,Fa,1999,468,F081,1050,,441,2,,2
468LA_1761_F081_F,14-Sep-99,Fa,1999,468,F081,908,,420,2,,2
468LA_1762_F081_F,04-Oct-00,Fa,2000,468,F081,860,471,426,2,,2
468LA_1763_F081_F,04-Oct-00,Fa,2000,468,F081,865,462,418,2,,2
468LA_1764_F081_F,04-Oct-00,Fa,2000,468,F081,835,467,423,1,,4
468LA_1765_F081_F,04-Oct-00,Fa,2000,468,F081,760,438,396,2,,4
468LA_1766_F081_F,04-Oct-00,Fa,2000,468,F081,665,451,406,1,,4
468LA_1767_F081_F,04-Oct-00,Fa,2000,468,F081,590,424,387,1,,4
468LA_1768_F081_F,04-Oct-00,Fa,2000,468,F081,765,454,407,1,,4
468LA_1769_F081_F,04-Oct-00,Fa,2000,468,F081,940,474,436,1,,4
468LA_177_F081_F,12-Oct-81,Fa,1981,468,F081,692,448,406,1,,2
468LA_1770_F081_F,04-Oct-00,Fa,2000,468,F081,1600,586,527,2,,2
468LA_1771_F081_F,10-May-01,aSP,2001,468,F081,760,461,415,2,,2
468LA_1772_F081_F,10-May-01,aSP,2001,468,F081,905,494,440,2,,2
468LA_1773_F081_F,10-May-01,aSP,2001,468,F081,770,455,412,2,,2
468LA_1774_F081_F,26-Jul-01,Fa,2001,468,F081,505,388,350,2,,2
468LA_1775_F081_F,26-Jul-01,Fa,2001,468,F081,650,440,395,2,,2
468LA_1776_F081_F,26-Jul-01,Fa,2001,468,F081,820,458,413,2,,2
468LA_1777_F081_F,26-Jul-01,Fa,2001,468,F081,825,470,421,2,,2
468LA_1778_F081_F,19-Sep-01,Fa,2001,468,F081,970,475,435,1,,2
468LA_1779_F081_F,19-Sep-01,Fa,2001,468,F081,950,465,425,1,,2
468LA_178_F081_F,28-Oct-81,Fa,1981,468,F081,768,465,416,2,6,1
468LA_1780_F081_F,19-Sep-01,Fa,2001,468,F081,800,464,399,1,,2
468LA_1781_F081_F,19-Sep-01,Fa,2001,468,F081,850,482,434,1,,4
468LA_1782_F081_F,19-Sep-01,Fa,2001,468,F081,610,445,399,2,,2
468LA_1783_F081_F,19-Sep-01,Fa,2001,468,F081,530,400,358,2,,2
468LA_1784_F081_F,19-Sep-01,Fa,2001,468,F081,870,480,430,1,,2
468LA_1785_F081_F,19-Sep-01,Fa,2001,468,F081,1355,516,465,2,,2
468LA_1786_F081_F,19-Sep-01,Fa,2001,468,F081,935,484,435,2,,2
468LA_1787_F081_F,19-Sep-01,Fa,2001,468,F081,965,477,430,2,,2
468LA_1788_F081_F,19-Sep-01,Fa,2001,468,F081,765,455,409,2,,2
468LA_1789_F081_F,19-Sep-01,Fa,2001,468,F081,1090,531,480,2,,2
468LA_179_F081_F,28-Oct-81,Fa,1981,468,F081,143,270,242,9,3,1
468LA_1790_F081_F,19-Sep-01,Fa,2001,468,F081,1020,494,445,1,,2
468LA_1791_F081_F,19-Sep-01,Fa,2001,468,F081,865,471,425,1,,4
468LA_1792_F081_F,19-Sep-01,Fa,2001,468,F081,1190,510,456,2,,2
468LA_1793_F081_F,01-Oct-02,Fa,2002,468,F081,1130,,466,2,,2
468LA_1794_F081_F,01-Oct-02,Fa,2002,468,F081,830,,444,2,,2
468LA_1795_F081_F,01-Oct-02,Fa,2002,468,F081,870,,423,2,,2
468LA_1796_F081_F,01-Oct-02,Fa,2002,468,F081,645,,380,1,,2
468LA_1797_F081_F,01-Oct-02,Fa,2002,468,F081,750,,422,1,,2
468LA_1798_F081_F,01-Oct-02,Fa,2002,468,F081,1300,,477,1,,2
468LA_1799_F081_F,01-Oct-02,Fa,2002,468,F081,880,,432,1,,2
468LA_18_F081_F,15-Jun-73,aSP,1973,468,F081,382,,324,1,6,2
468LA_180_F081_F,28-Oct-81,Fa,1981,468,F081,536,404,363,2,6,1
468LA_1800_F081_F,01-Oct-02,Fa,2002,468,F081,910,,445,2,,2
468LA_1801_F081_F,01-Oct-02,Fa,2002,468,F081,990,,446,1,,2
468LA_1802_F081_F,01-Oct-02,Fa,2002,468,F081,850,,414,1,,2
468LA_1803_F081_F,01-Oct-02,Fa,2002,468,F081,880,,422,1,,2
468LA_1804_F081_F,01-Oct-02,Fa,2002,468,F081,870,,431,1,,2
468LA_1805_F081_F,01-Oct-02,Fa,2002,468,F081,900,,438,2,,2
468LA_1806_F081_F,01-Oct-02,Fa,2002,468,F081,715,,398,2,,2
468LA_1807_F081_F,01-Oct-02,Fa,2002,468,F081,1090,,472,2,,2
468LA_1808_F081_F,17-Sep-03,Fa,2003,468,F081,1160,,460,2,,2
468LA_1809_F081_F,17-Sep-03,Fa,2003,468,F081,970,,416,2,,2
468LA_181_F081_F,28-Oct-81,Fa,1981,468,F081,1470,567,510,,9,
468LA_1810_F081_F,17-Sep-03,Fa,2003,468,F081,570,,368,2,,2
468LA_1811_F081_F,17-Sep-03,Fa,2003,468,F081,710,,392,2,,2
468LA_1812_F081_F,17-Sep-03,Fa,2003,468,F081,825,,446,1,,2
468LA_1813_F081_F,17-Sep-03,Fa,2003,468,F081,835,,420,1,,2
468LA_1814_F081_F,17-Sep-03,Fa,2003,468,F081,785,,418,1,,2
468LA_1815_F081_F,17-Sep-03,Fa,2003,468,F081,805,,410,2,,2
468LA_1816_F081_F,17-Sep-03,Fa,2003,468,F081,1140,,456,1,,2
468LA_1817_F081_F,17-Sep-03,Fa,2003,468,F081,890,,417,1,,2
468LA_1818_F081_F,17-Sep-03,Fa,2003,468,F081,1080,,455,2,,2
468LA_1819_F081_F,17-Sep-03,Fa,2003,468,F081,1575,,491,1,,2
468LA_182_F081_F,28-Oct-81,Fa,1981,468,F081,1280,545,490,,,
468LA_1820_F081_F,17-Sep-03,Fa,2003,468,F081,555,,368,1,,2
468LA_1821_F081_F,17-Sep-03,Fa,2003,468,F081,990,,442,1,,2
468LA_1822_F081_F,17-Sep-03,Fa,2003,468,F081,1170,,440,2,,2
468LA_1823_F081_F,17-Sep-03,Fa,2003,468,F081,1075,,440,2,,2
468LA_1824_F081_F,17-Sep-03,Fa,2003,468,F081,1010,,437,1,,2
468LA_1825_F081_F,17-Sep-03,Fa,2003,468,F081,1600,,510,1,,2
468LA_183_F081_F,28-Oct-81,Fa,1981,468,F081,1220,545,486,2,10,2
468LA_184_F081_F,28-Oct-81,Fa,1981,468,F081,1800,612,553,2,7,2
468LA_185_F081_F,28-Oct-81,Fa,1981,468,F081,660,439,392,2,11,2
468LA_186_F081_F,28-Oct-81,Fa,1981,468,F081,3250,699,647,2,12,2
468LA_187_F081_F,31-May-81,aSP,1981,468,F081,3536,724,659,2,12,2
468LA_188_F081_F,05-Oct-82,Fa,1982,468,F081,947,482,434,1,,2
468LA_189_F081_F,05-Oct-82,Fa,1982,468,F081,1135,496,448,2,,2
468LA_19_F081_F,15-Jun-73,aSP,1973,468,F081,351,,312,1,5,2
468LA_190_F081_F,05-Oct-82,Fa,1982,468,F081,620,432,390,,,
468LA_191_F081_F,05-Oct-82,Fa,1982,468,F081,965,477,430,2,,2
468LA_192_F081_F,05-Oct-82,Fa,1982,468,F081,695,446,400,1,,2
468LA_193_F081_F,05-Oct-82,Fa,1982,468,F081,1025,508,455,1,,2
468LA_194_F081_F,05-Oct-82,Fa,1982,468,F081,1500,550,495,1,,2
468LA_195_F081_F,05-Oct-82,Fa,1982,468,F081,1280,527,472,1,,2
468LA_196_F081_F,05-Oct-82,Fa,1982,468,F081,660,447,402,2,,5
468LA_198_F081_F,05-Oct-82,Fa,1982,468,F081,862,480,427,1,,2
468LA_199_F081_F,05-Oct-82,Fa,1982,468,F081,893,480,434,1,,2
468LA_2_F081_F,12-May-73,aSP,1973,468,F081,850,,413,2,5,2
468LA_20_F081_F,15-Jun-73,aSP,1973,468,F081,565,,364,1,7,2
468LA_200_F081_F,05-Oct-82,Fa,1982,468,F081,605,432,388,1,,2
468LA_201_F081_F,05-Oct-82,Fa,1982,468,F081,675,434,393,,,
468LA_202_F081_F,05-Oct-82,Fa,1982,468,F081,842,471,421,1,,2
468LA_203_F081_F,05-Oct-82,Fa,1982,468,F081,735,447,400,2,,5
468LA_204_F081_F,05-Oct-82,Fa,1982,468,F081,722,456,410,1,,2
468LA_205_F081_F,05-Oct-82,Fa,1982,468,F081,1370,545,492,,,
468LA_206_F081_F,05-Oct-82,Fa,1982,468,F081,615,421,378,,,
468LA_207_F081_F,05-Oct-82,Fa,1982,468,F081,675,455,406,2,,2
468LA_208_F081_F,05-Oct-82,Fa,1982,468,F081,745,447,402,,,
468LA_209_F081_F,05-Oct-82,Fa,1982,468,F081,430,397,355,1,,2
468LA_21_F081_F,15-Jun-73,aSP,1973,468,F081,754,,418,2,7,2
468LA_210_F081_F,05-Oct-82,Fa,1982,468,F081,782,455,409,1,,2
468LA_211_F081_F,05-Oct-82,Fa,1982,468,F081,555,427,383,,,
468LA_212_F081_F,05-Oct-82,Fa,1982,468,F081,895,486,441,2,,5
468LA_213_F081_F,05-Oct-82,Fa,1982,468,F081,694,428,383,,,
468LA_214_F081_F,05-Oct-82,Fa,1982,468,F081,605,436,392,1,,2
468LA_215_F081_F,05-Oct-82,Fa,1982,468,F081,735,454,408,1,,2
468LA_216_F081_F,05-Oct-82,Fa,1982,468,F081,1010,499,452,1,,2
468LA_217_F081_F,05-Oct-82,Fa,1982,468,F081,825,480,431,2,,4
468LA_218_F081_F,05-Oct-82,Fa,1982,468,F081,1020,468,425,2,,4
468LA_219_F081_F,05-Oct-82,Fa,1982,468,F081,1615,564,512,2,,5
468LA_22_F081_F,15-Jun-73,aSP,1973,468,F081,391,,327,1,7,2
468LA_220_F081_F,05-Oct-82,Fa,1982,468,F081,825,473,425,1,,2
468LA_221_F081_F,05-Oct-82,Fa,1982,468,F081,790,463,411,1,,2
468LA_222_F081_F,05-Oct-82,Fa,1982,468,F081,772,468,420,1,,2
468LA_223_F081_F,05-Oct-82,Fa,1982,468,F081,925,481,432,,,
468LA_224_F081_F,05-Oct-82,Fa,1982,468,F081,613,430,383,1,,2
468LA_225_F081_F,05-Oct-82,Fa,1982,468,F081,755,455,411,,,
468LA_226_F081_F,05-Oct-82,Fa,1982,468,F081,849,461,414,1,,2
468LA_227_F081_F,05-Oct-82,Fa,1982,468,F081,828,463,414,1,,2
468LA_228_F081_F,05-Oct-82,Fa,1982,468,F081,585,423,380,1,,2
468LA_229_F081_F,05-Oct-82,Fa,1982,468,F081,765,462,414,1,,2
468LA_23_F081_F,15-Jun-73,aSP,1973,468,F081,412,,342,2,5,1
468LA_230_F081_F,05-Oct-82,Fa,1982,468,F081,748,455,409,1,,2
468LA_231_F081_F,05-Oct-82,Fa,1982,468,F081,675,457,414,1,,2
468LA_232_F081_F,05-Oct-82,Fa,1982,468,F081,995,468,420,1,,2
468LA_233_F081_F,09-May-83,aSP,1983,468,F081,590,,414,,,
468LA_234_F081_F,09-May-83,aSP,1983,468,F081,630,,415,,,
468LA_235_F081_F,09-May-83,aSP,1983,468,F081,,,460,,,
468LA_236_F081_F,09-May-83,aSP,1983,468,F081,610,,411,,,
468LA_237_F081_F,10-May-83,aSP,1983,468,F081,540,,376,,,
468LA_238_F081_F,10-May-83,aSP,1983,468,F081,750,,419,,,
468LA_239_F081_F,10-May-83,aSP,1983,468,F081,930,,432,,,
468LA_24_F081_F,15-Jun-73,aSP,1973,468,F081,460,,344,2,7,2
468LA_240_F081_F,10-May-83,aSP,1983,468,F081,,,573,,,
468LA_241_F081_F,10-May-83,aSP,1983,468,F081,910,,428,,,
468LA_242_F081_F,10-May-83,aSP,1983,468,F081,850,,420,,,
468LA_243_F081_F,12-May-83,aSP,1983,468,F081,745,,417,1,,2
468LA_244_F081_F,14-May-83,aSP,1983,468,F081,760,,450,,,
468LA_245_F081_F,17-May-83,aSP,1983,468,F081,740,,405,,,
468LA_246_F081_F,17-May-83,aSP,1983,468,F081,1340,,472,,,
468LA_247_F081_F,17-May-83,aSP,1983,468,F081,650,,399,,,
468LA_248_F081_F,21-May-83,aSP,1983,468,F081,760,,403,,,
468LA_249_F081_F,21-May-83,aSP,1983,468,F081,680,,392,,,
468LA_25_F081_F,15-Jun-73,aSP,1973,468,F081,302,,307,2,7,2
468LA_250_F081_F,21-May-83,aSP,1983,468,F081,760,,392,,,
468LA_251_F081_F,21-May-83,aSP,1983,468,F081,960,,443,,,
468LA_252_F081_F,21-May-83,aSP,1983,468,F081,800,,410,2,,2
468LA_253_F081_F,22-May-83,aSP,1983,468,F081,740,,403,2,,2
468LA_254_F081_F,22-May-83,aSP,1983,468,F081,700,,399,2,,2
468LA_255_F081_F,22-May-83,aSP,1983,468,F081,620,,391,1,,2
468LA_256_F081_F,22-May-83,aSP,1983,468,F081,805,,412,2,,2
468LA_257_F081_F,22-May-83,aSP,1983,468,F081,585,,383,1,,2
468LA_258_F081_F,23-May-83,aSP,1983,468,F081,550,,385,1,,2
468LA_259_F081_F,23-May-83,aSP,1983,468,F081,580,,385,1,,2
468LA_26_F081_F,15-Jun-73,aSP,1973,468,F081,236,,284,2,7,2
468LA_260_F081_F,23-May-83,aSP,1983,468,F081,730,,405,2,,2
468LA_261_F081_F,23-May-83,aSP,1983,468,F081,830,,415,1,,2
468LA_262_F081_F,23-May-83,aSP,1983,468,F081,840,,415,2,,2
468LA_263_F081_F,02-Jun-83,aSP,1983,468,F081,500,,364,1,,2
468LA_264_F081_F,07-Jun-83,aSP,1983,468,F081,500,,420,,,
468LA_265_F081_F,22-Sep-83,Fa,1983,468,F081,760,,424,1,,2
468LA_266_F081_F,23-Sep-83,Fa,1983,468,F081,1100,,440,2,,2
468LA_267_F081_F,02-Oct-83,Fa,1983,468,F081,1660,564,511,1,,2
468LA_268_F081_F,02-Oct-83,Fa,1983,468,F081,715,454,410,1,,2
468LA_269_F081_F,02-Oct-83,Fa,1983,468,F081,473,394,355,2,,4
468LA_27_F081_F,15-Jun-73,aSP,1973,468,F081,384,,334,2,6,2
468LA_270_F081_F,02-Oct-83,Fa,1983,468,F081,843,467,420,,,
468LA_271_F081_F,02-Oct-83,Fa,1983,468,F081,866,473,427,1,,2
468LA_272_F081_F,02-Oct-83,Fa,1983,468,F081,850,462,418,1,,2
468LA_273_F081_F,02-Oct-83,Fa,1983,468,F081,1140,502,453,2,,4
468LA_274_F081_F,02-Oct-83,Fa,1983,468,F081,604,418,378,1,,2
468LA_275_F081_F,02-Oct-83,Fa,1983,468,F081,1033,489,442,2,,4
468LA_276_F081_F,02-Oct-83,Fa,1983,468,F081,1000,488,440,1,,2
468LA_277_F081_F,02-Oct-83,Fa,1983,468,F081,1085,508,460,,,
468LA_278_F081_F,02-Oct-83,Fa,1983,468,F081,890,480,428,1,,2
468LA_279_F081_F,02-Oct-83,Fa,1983,468,F081,750,440,395,1,,2
468LA_28_F081_F,15-Jun-73,aSP,1973,468,F081,243,,287,9,5,1
468LA_280_F081_F,02-Oct-83,Fa,1983,468,F081,835,473,423,1,,2
468LA_281_F081_F,02-Oct-83,Fa,1983,468,F081,680,453,408,1,,2
468LA_282_F081_F,02-Oct-83,Fa,1983,468,F081,2075,577,526,2,,2
468LA_283_F081_F,02-Oct-83,Fa,1983,468,F081,810,478,426,1,,2
468LA_284_F081_F,02-Oct-83,Fa,1983,468,F081,770,460,415,1,,2
468LA_285_F081_F,02-Oct-83,Fa,1983,468,F081,882,470,427,1,,2
468LA_286_F081_F,02-Oct-83,Fa,1983,468,F081,832,460,410,1,,2
468LA_287_F081_F,02-Oct-83,Fa,1983,468,F081,945,491,442,1,,2
468LA_288_F081_F,02-Oct-83,Fa,1983,468,F081,455,397,351,1,,2
468LA_289_F081_F,02-Oct-83,Fa,1983,468,F081,820,455,407,1,,2
468LA_29_F081_F,15-Jun-73,aSP,1973,468,F081,351,,324,2,7,2
468LA_290_F081_F,02-Oct-83,Fa,1983,468,F081,660,433,387,,,
468LA_291_F081_F,02-Oct-83,Fa,1983,468,F081,810,458,396,2,,4
468LA_292_F081_F,02-Oct-83,Fa,1983,468,F081,590,421,378,1,,2
468LA_293_F081_F,02-Oct-83,Fa,1983,468,F081,710,451,408,1,,2
468LA_294_F081_F,02-Oct-83,Fa,1983,468,F081,710,443,396,1,,2
468LA_295_F081_F,04-Oct-83,Fa,1983,468,F081,1476,557,505,1,,2
468LA_296_F081_F,04-Oct-83,Fa,1983,468,F081,892,498,443,1,,2
468LA_297_F081_F,04-Oct-83,Fa,1983,468,F081,1060,493,443,1,,2
468LA_298_F081_F,04-Oct-83,Fa,1983,468,F081,691,432,387,2,,5
468LA_299_F081_F,04-Oct-83,Fa,1983,468,F081,941,478,432,2,,5
468LA_3_F081_F,12-May-73,aSP,1973,468,F081,500,,361,2,5,2
468LA_30_F081_F,15-Jun-73,aSP,1973,468,F081,3100,,562,2,13,2
468LA_300_F081_F,04-Oct-83,Fa,1983,468,F081,923,479,434,1,,2
468LA_301_F081_F,04-Oct-83,Fa,1983,468,F081,1069,498,450,2,,2
468LA_302_F081_F,04-Oct-83,Fa,1983,468,F081,898,474,424,1,,2
468LA_303_F081_F,04-Oct-83,Fa,1983,468,F081,1552,548,499,1,,2
468LA_304_F081_F,04-Oct-83,Fa,1983,468,F081,1600,580,528,1,,2
468LA_305_F081_F,04-Oct-83,Fa,1983,468,F081,,440,392,1,,2
468LA_306_F081_F,04-Oct-83,Fa,1983,468,F081,822,460,414,1,,2
468LA_307_F081_F,04-Oct-83,Fa,1983,468,F081,822,460,410,1,,2
468LA_308_F081_F,04-Oct-83,Fa,1983,468,F081,1081,495,445,1,,2
468LA_309_F081_F,04-Oct-83,Fa,1983,468,F081,950,493,446,1,,2
468LA_31_F081_F,31-Jul-73,Fa,1973,468,F081,780,,414,2,7,2
468LA_310_F081_F,04-Oct-83,Fa,1983,468,F081,1563,541,492,2,,5
468LA_311_F081_F,04-Oct-83,Fa,1983,468,F081,681,439,399,1,,2
468LA_312_F081_F,04-Oct-83,Fa,1983,468,F081,1079,516,463,1,,2
468LA_313_F081_F,04-Oct-83,Fa,1983,468,F081,580,410,367,1,,2
468LA_314_F081_F,04-Oct-83,Fa,1983,468,F081,886,483,435,1,,2
468LA_315_F081_F,04-Oct-83,Fa,1983,468,F081,962,487,440,1,,2
468LA_316_F081_F,04-Oct-83,Fa,1983,468,F081,669,444,397,1,,2
468LA_317_F081_F,04-Oct-83,Fa,1983,468,F081,1110,503,452,1,,2
468LA_318_F081_F,04-Oct-83,Fa,1983,468,F081,1212,498,452,1,,2
468LA_319_F081_F,04-Oct-83,Fa,1983,468,F081,734,445,402,1,,2
468LA_32_F081_F,31-Jul-73,Fa,1973,468,F081,342,,312,1,5,1
468LA_320_F081_F,04-Oct-83,Fa,1983,468,F081,903,494,442,1,,2
468LA_321_F081_F,04-Oct-83,Fa,1983,468,F081,931,489,436,1,,2
468LA_322_F081_F,04-Oct-83,Fa,1983,468,F081,701,431,388,1,,2
468LA_323_F081_F,04-Oct-83,Fa,1983,468,F081,820,466,418,1,,2
468LA_324_F081_F,04-Oct-83,Fa,1983,468,F081,1651,564,511,1,,2
468LA_325_F081_F,05-Oct-83,Fa,1983,468,F081,728,437,395,2,,2
468LA_326_F081_F,05-Oct-83,Fa,1983,468,F081,1821,521,472,1,,2
468LA_327_F081_F,05-Oct-83,Fa,1983,468,F081,1089,502,453,1,,2
468LA_328_F081_F,05-Oct-83,Fa,1983,468,F081,817,448,403,2,,5
468LA_329_F081_F,05-Oct-83,Fa,1983,468,F081,1042,481,436,2,,5
468LA_33_F081_F,31-Jul-73,Fa,1973,468,F081,146,,251,2,3,1
468LA_330_F081_F,05-Oct-83,Fa,1983,468,F081,1242,532,482,1,,2
468LA_331_F081_F,05-Oct-83,Fa,1983,468,F081,679,442,395,1,,2
468LA_332_F081_F,05-Oct-83,Fa,1983,468,F081,2060,580,526,2,,2
468LA_333_F081_F,05-Oct-83,Fa,1983,468,F081,1021,502,463,1,,2
468LA_334_F081_F,05-Oct-83,Fa,1983,468,F081,630,442,394,1,,2
468LA_335_F081_F,05-Oct-83,Fa,1983,468,F081,628,431,386,1,,2
468LA_336_F081_F,05-Oct-83,Fa,1983,468,F081,671,450,405,2,,5
468LA_337_F081_F,05-Oct-83,Fa,1983,468,F081,789,464,416,2,,2
468LA_338_F081_F,05-Oct-83,Fa,1983,468,F081,1158,496,445,2,,2
468LA_339_F081_F,05-Oct-83,Fa,1983,468,F081,722,469,425,,,
468LA_34_F081_F,31-Jul-73,Fa,1973,468,F081,450,,347,1,4,1
468LA_340_F081_F,05-Oct-83,Fa,1983,468,F081,897,484,434,2,,2
468LA_341_F081_F,05-Oct-83,Fa,1983,468,F081,760,446,405,1,,2
468LA_342_F081_F,05-Oct-83,Fa,1983,468,F081,698,452,405,1,,2
468LA_343_F081_F,05-Oct-83,Fa,1983,468,F081,610,426,383,1,,2
468LA_344_F081_F,05-Oct-83,Fa,1983,468,F081,993,493,445,1,,2
468LA_345_F081_F,05-Oct-83,Fa,1983,468,F081,921,480,435,1,,2
468LA_346_F081_F,05-Oct-83,Fa,1983,468,F081,962,482,432,1,,2
468LA_347_F081_F,05-Oct-83,Fa,1983,468,F081,829,458,415,1,,2
468LA_348_F081_F,05-Oct-83,Fa,1983,468,F081,1171,500,445,1,,2
468LA_349_F081_F,27-Oct-83,Fa,1983,468,F081,1246,540,488,2,,2
468LA_35_F081_F,31-Jul-73,Fa,1973,468,F081,200,,266,1,4,1
468LA_350_F081_F,27-Oct-83,Fa,1983,468,F081,424,383,345,9,,1
468LA_351_F081_F,27-Oct-83,Fa,1983,468,F081,313,343,303,2,,1
468LA_352_F081_F,27-Oct-83,Fa,1983,468,F081,510,397,353,2,,1
468LA_353_F081_F,27-Oct-83,Fa,1983,468,F081,260,333,297,2,,1
468LA_354_F081_F,27-Oct-83,Fa,1983,468,F081,249,318,286,2,,1
468LA_355_F081_F,27-Oct-83,Fa,1983,468,F081,627,432,389,1,,2
468LA_356_F081_F,27-Oct-83,Fa,1983,468,F081,1111,514,463,2,,2
468LA_357_F081_F,27-Oct-83,Fa,1983,468,F081,2590,650,590,1,,2
468LA_358_F081_F,27-Oct-83,Fa,1983,468,F081,900,473,427,1,,2
468LA_359_F081_F,27-Oct-83,Fa,1983,468,F081,960,485,433,9,,1
468LA_36_F081_F,31-Jul-73,Fa,1973,468,F081,1325,,491,2,13,2
468LA_360_F081_F,27-Oct-83,Fa,1983,468,F081,971,492,441,2,,2
468LA_361_F081_F,27-Oct-83,Fa,1983,468,F081,1179,514,461,1,,2
468LA_362_F081_F,27-Oct-83,Fa,1983,468,F081,299,350,312,2,,1
468LA_363_F081_F,27-Oct-83,Fa,1983,468,F081,875,465,417,2,,2
468LA_364_F081_F,27-Oct-83,Fa,1983,468,F081,193,293,263,9,,1
468LA_365_F081_F,27-Oct-83,Fa,1983,468,F081,810,473,428,2,,2
468LA_366_F081_F,27-Oct-83,Fa,1983,468,F081,115,252,225,2,,1
468LA_367_F081_F,27-Oct-83,Fa,1983,468,F081,382,373,338,9,,1
468LA_368_F081_F,27-Oct-83,Fa,1983,468,F081,60,199,180,9,,1
468LA_369_F081_F,27-Oct-83,Fa,1983,468,F081,72,207,185,9,,1
468LA_37_F081_F,31-Jul-73,Fa,1973,468,F081,880,,437,1,9,2
468LA_370_F081_F,27-Oct-83,Fa,1983,468,F081,63,199,179,9,,1
468LA_371_F081_F,27-Oct-83,Fa,1983,468,F081,63,203,183,9,,1
468LA_372_F081_F,31-Oct-83,Fa,1983,468,F081,505,414,370,9,,1
468LA_373_F081_F,31-Oct-83,Fa,1983,468,F081,242,314,284,9,,1
468LA_374_F081_F,31-Oct-83,Fa,1983,468,F081,951,501,450,9,,1
468LA_375_F081_F,31-Oct-83,Fa,1983,468,F081,170,587,538,2,,2
468LA_376_F081_F,31-Oct-83,Fa,1983,468,F081,797,472,419,2,,2
468LA_377_F081_F,31-Oct-83,Fa,1983,468,F081,788,466,419,1,,2
468LA_378_F081_F,31-Oct-83,Fa,1983,468,F081,953,473,426,1,,2
468LA_379_F081_F,31-Oct-83,Fa,1983,468,F081,1562,567,513,1,,2
468LA_38_F081_F,31-Jul-73,Fa,1973,468,F081,340,,318,1,4,1
468LA_380_F081_F,28-Jun-84,aSP,1984,468,F081,939,462,415,1,12,2
468LA_381_F081_F,28-Jun-84,aSP,1984,468,F081,425,386,345,2,5,1
468LA_382_F081_F,28-Jun-84,aSP,1984,468,F081,788,457,411,1,8,2
468LA_383_F081_F,28-Jun-84,aSP,1984,468,F081,781,461,418,2,7,2
468LA_384_F081_F,28-Jun-84,aSP,1984,468,F081,889,467,423,1,13,2
468LA_385_F081_F,28-Jun-84,aSP,1984,468,F081,587,429,385,9,6,1
468LA_386_F081_F,28-Jun-84,aSP,1984,468,F081,759,448,405,2,11,2
468LA_387_F081_F,28-Jun-84,aSP,1984,468,F081,,790,722,1,15,2
468LA_388_F081_F,28-Jun-84,aSP,1984,468,F081,861,478,429,2,,1
468LA_389_F081_F,28-Jun-84,aSP,1984,468,F081,1062,484,435,1,18,2
468LA_39_F081_F,31-Jul-73,Fa,1973,468,F081,358,,328,1,6,1
468LA_390_F081_F,28-Jun-84,aSP,1984,468,F081,1321,564,520,1,16,2
468LA_391_F081_F,28-Jun-84,aSP,1984,468,F081,995,478,429,1,14,2
468LA_392_F081_F,28-Jun-84,aSP,1984,468,F081,167,279,255,2,4,1
468LA_393_F081_F,28-Jun-84,aSP,1984,468,F081,548,417,369,2,8,2
468LA_394_F081_F,28-Jun-84,aSP,1984,468,F081,2102,604,544,2,10,2
468LA_395_F081_F,28-Jun-84,aSP,1984,468,F081,375,369,327,2,4,1
468LA_396_F081_F,28-Jun-84,aSP,1984,468,F081,570,426,384,1,8,2
468LA_397_F081_F,28-Jun-84,aSP,1984,468,F081,679,449,404,2,13,2
468LA_398_F081_F,28-Jun-84,aSP,1984,468,F081,416,378,340,1,7,2
468LA_399_F081_F,28-Jun-84,aSP,1984,468,F081,220,308,278,9,4,1
468LA_4_F081_F,12-May-73,aSP,1973,468,F081,550,,359,2,6,2
468LA_40_F081_F,31-Jul-73,Fa,1973,468,F081,3600,,647,2,17,2
468LA_400_F081_F,28-Jun-84,aSP,1984,468,F081,425,377,338,2,5,1
468LA_401_F081_F,28-Jun-84,aSP,1984,468,F081,903,463,416,2,15,2
468LA_402_F081_F,28-Jun-84,aSP,1984,468,F081,372,366,327,2,,1
468LA_403_F081_F,28-Jun-84,aSP,1984,468,F081,698,431,389,2,9,2
468LA_404_F081_F,28-Jun-84,aSP,1984,468,F081,91,239,205,9,3,1
468LA_405_F081_F,06-Oct-84,Fa,1984,468,F081,386,381,347,,5,
468LA_406_F081_F,06-Oct-84,Fa,1984,468,F081,1343,526,475,1,10,2
468LA_407_F081_F,06-Oct-84,Fa,1984,468,F081,1240,536,487,1,14,2
468LA_408_F081_F,06-Oct-84,Fa,1984,468,F081,468,383,347,,9,
468LA_409_F081_F,06-Oct-84,Fa,1984,468,F081,732,473,430,1,10,2
468LA_41_F081_F,28-Sep-73,Fa,1973,468,F081,1875,,527,1,7,2
468LA_410_F081_F,06-Oct-84,Fa,1984,468,F081,932,475,427,1,8,2
468LA_411_F081_F,06-Oct-84,Fa,1984,468,F081,768,477,427,1,9,2
468LA_412_F081_F,06-Oct-84,Fa,1984,468,F081,616,431,390,1,9,2
468LA_413_F081_F,06-Oct-84,Fa,1984,468,F081,952,497,448,1,15,2
468LA_414_F081_F,06-Oct-84,Fa,1984,468,F081,1000,488,440,1,10,2
468LA_415_F081_F,06-Oct-84,Fa,1984,468,F081,815,478,430,2,12,2
468LA_416_F081_F,06-Oct-84,Fa,1984,468,F081,672,448,403,1,9,2
468LA_417_F081_F,06-Oct-84,Fa,1984,468,F081,1570,571,516,1,,2
468LA_418_F081_F,06-Oct-84,Fa,1984,468,F081,825,474,426,1,8,2
468LA_419_F081_F,06-Oct-84,Fa,1984,468,F081,1010,486,442,1,11,2
468LA_42_F081_F,28-Sep-73,Fa,1973,468,F081,2400,,570,2,9,2
468LA_420_F081_F,06-Oct-84,Fa,1984,468,F081,745,460,415,1,9,2
468LA_421_F081_F,06-Oct-84,Fa,1984,468,F081,795,458,411,1,9,2
468LA_422_F081_F,06-Oct-84,Fa,1984,468,F081,1025,517,463,1,18,2
468LA_423_F081_F,06-Oct-84,Fa,1984,468,F081,1070,496,448,1,18,2
468LA_424_F081_F,06-Oct-84,Fa,1984,468,F081,788,453,411,,10,
468LA_425_F081_F,06-Oct-84,Fa,1984,468,F081,524,397,358,1,5,2
468LA_426_F081_F,06-Oct-84,Fa,1984,468,F081,1220,575,475,,14,
468LA_427_F081_F,06-Oct-84,Fa,1984,468,F081,975,482,428,,15,
468LA_428_F081_F,06-Oct-84,Fa,1984,468,F081,766,468,421,,11,
468LA_429_F081_F,06-Oct-84,Fa,1984,468,F081,720,451,407,,13,
468LA_43_F081_F,28-Sep-73,Fa,1973,468,F081,475,,364,2,7,2
468LA_430_F081_F,06-Oct-84,Fa,1984,468,F081,1430,530,475,2,14,2
468LA_431_F081_F,06-Oct-84,Fa,1984,468,F081,690,437,395,,9,
468LA_432_F081_F,06-Oct-84,Fa,1984,468,F081,460,395,348,,8,
468LA_433_F081_F,06-Oct-84,Fa,1984,468,F081,930,500,443,,12,
468LA_434_F081_F,06-Oct-84,Fa,1984,468,F081,728,463,418,1,10,2
468LA_435_F081_F,06-Oct-84,Fa,1984,468,F081,810,453,407,,12,
468LA_436_F081_F,06-Oct-84,Fa,1984,468,F081,895,483,438,2,13,2
468LA_437_F081_F,06-Oct-84,Fa,1984,468,F081,608,431,385,2,9,2
468LA_438_F081_F,06-Oct-84,Fa,1984,468,F081,845,468,418,,14,
468LA_439_F081_F,06-Oct-84,Fa,1984,468,F081,664,441,395,,7,
468LA_44_F081_F,28-Sep-73,Fa,1973,468,F081,410,,331,1,5,2
468LA_440_F081_F,04-Jun-85,aSP,1985,468,F081,941,489,440,1,17,2
468LA_441_F081_F,04-Jun-85,aSP,1985,468,F081,781,462,412,2,11,2
468LA_442_F081_F,04-Jun-85,aSP,1985,468,F081,630,413,373,1,10,2
468LA_443_F081_F,04-Jun-85,aSP,1985,468,F081,932,478,429,2,23,2
468LA_444_F081_F,04-Jun-85,aSP,1985,468,F081,4820,768,705,2,16,2
468LA_445_F081_F,04-Jun-85,aSP,1985,468,F081,269,325,291,1,5,1
468LA_446_F081_F,04-Jun-85,aSP,1985,468,F081,56,209,190,9,2,1
468LA_447_F081_F,04-Jun-85,aSP,1985,468,F081,242,318,284,1,4,1
468LA_448_F081_F,04-Jun-85,aSP,1985,468,F081,287,335,301,2,6,2
468LA_449_F081_F,04-Jun-85,aSP,1985,468,F081,389,359,322,2,7,2
468LA_45_F081_F,29-Sep-73,Fa,1973,468,F081,1950,,549,2,9,2
468LA_450_F081_F,04-Jun-85,aSP,1985,468,F081,147,272,243,9,3,1
468LA_451_F081_F,04-Jun-85,aSP,1985,468,F081,418,376,339,2,7,2
468LA_452_F081_F,04-Jun-85,aSP,1985,468,F081,195,294,264,9,4,1
468LA_453_F081_F,04-Jun-85,aSP,1985,468,F081,140,269,242,1,3,1
468LA_454_F081_F,04-Jun-85,aSP,1985,468,F081,210,296,270,9,4,1
468LA_455_F081_F,04-Jun-85,aSP,1985,468,F081,115,242,218,9,2,1
468LA_456_F081_F,04-Jun-85,aSP,1985,468,F081,154,271,243,2,4,1
468LA_457_F081_F,05-Jun-85,aSP,1985,468,F081,993,480,440,2,,2
468LA_458_F081_F,05-Jun-85,aSP,1985,468,F081,605,418,370,1,,2
468LA_459_F081_F,05-Jun-85,aSP,1985,468,F081,909,484,437,2,,2
468LA_46_F081_F,29-Sep-73,Fa,1973,468,F081,450,,355,1,9,2
468LA_460_F081_F,05-Jun-85,aSP,1985,468,F081,519,405,363,2,,2
468LA_461_F081_F,05-Jun-85,aSP,1985,468,F081,722,440,395,1,,2
468LA_462_F081_F,05-Jun-85,aSP,1985,468,F081,223,310,279,2,,1
468LA_463_F081_F,30-Sep-85,Fa,1985,468,F081,917,488,438,1,14,2
468LA_464_F081_F,30-Sep-85,Fa,1985,468,F081,658,458,412,,16,
468LA_465_F081_F,30-Sep-85,Fa,1985,468,F081,832,459,412,1,11,2
468LA_466_F081_F,30-Sep-85,Fa,1985,468,F081,594,418,378,1,9,2
468LA_467_F081_F,30-Sep-85,Fa,1985,468,F081,920,498,447,1,19,2
468LA_468_F081_F,30-Sep-85,Fa,1985,468,F081,1455,544,493,1,18,2
468LA_469_F081_F,30-Sep-85,Fa,1985,468,F081,1280,514,468,1,,2
468LA_47_F081_F,29-Sep-73,Fa,1973,468,F081,410,,346,2,8,2
468LA_470_F081_F,30-Sep-85,Fa,1985,468,F081,748,457,411,1,12,2
468LA_471_F081_F,30-Sep-85,Fa,1985,468,F081,1195,505,453,1,,2
468LA_472_F081_F,30-Sep-85,Fa,1985,468,F081,1110,495,440,1,11,2
468LA_473_F081_F,30-Sep-85,Fa,1985,468,F081,900,473,426,1,12,2
468LA_474_F081_F,30-Sep-85,Fa,1985,468,F081,674,437,392,2,14,2
468LA_475_F081_F,30-Sep-85,Fa,1985,468,F081,873,467,423,1,,2
468LA_476_F081_F,30-Sep-85,Fa,1985,468,F081,1410,553,497,2,16,2
468LA_477_F081_F,30-Sep-85,Fa,1985,468,F081,792,443,397,2,,2
468LA_478_F081_F,30-Sep-85,Fa,1985,468,F081,678,439,395,1,15,2
468LA_479_F081_F,30-Sep-85,Fa,1985,468,F081,923,468,421,1,13,2
468LA_48_F081_F,10-Oct-75,Fa,1975,468,F081,,475,429,2,6,2
468LA_480_F081_F,30-Sep-85,Fa,1985,468,F081,1000,473,424,2,18,4
468LA_481_F081_F,30-Sep-85,Fa,1985,468,F081,827,474,425,1,9,2
468LA_482_F081_F,30-Sep-85,Fa,1985,468,F081,1155,512,464,1,17,2
468LA_483_F081_F,30-Sep-85,Fa,1985,468,F081,865,466,421,1,17,2
468LA_484_F081_F,30-Sep-85,Fa,1985,468,F081,1145,497,450,2,14,2
468LA_485_F081_F,30-Sep-85,Fa,1985,468,F081,618,441,396,1,17,2
468LA_486_F081_F,30-Sep-85,Fa,1985,468,F081,875,478,431,1,,2
468LA_487_F081_F,30-Sep-85,Fa,1985,468,F081,1000,489,437,1,20,2
468LA_488_F081_F,30-Sep-85,Fa,1985,468,F081,995,488,438,,18,
468LA_489_F081_F,30-Sep-85,Fa,1985,468,F081,1410,506,458,2,18,2
468LA_49_F081_F,10-Oct-75,Fa,1975,468,F081,,479,434,2,6,2
468LA_490_F081_F,30-Sep-85,Fa,1985,468,F081,1045,473,425,2,12,2
468LA_491_F081_F,30-Sep-85,Fa,1985,468,F081,860,448,407,2,11,2
468LA_492_F081_F,30-Sep-85,Fa,1985,468,F081,682,415,375,1,9,2
468LA_493_F081_F,30-Sep-85,Fa,1985,468,F081,968,487,435,1,14,2
468LA_494_F081_F,06-Oct-85,Fa,1985,468,F081,853,487,435,2,,2
468LA_495_F081_F,06-Oct-85,Fa,1985,468,F081,810,467,421,1,,2
468LA_496_F081_F,06-Oct-85,Fa,1985,468,F081,960,493,442,1,12,2
468LA_497_F081_F,06-Oct-85,Fa,1985,468,F081,832,463,417,1,13,2
468LA_498_F081_F,06-Oct-85,Fa,1985,468,F081,1048,484,440,2,17,2
468LA_499_F081_F,06-Oct-85,Fa,1985,468,F081,900,467,416,2,13,2
468LA_5_F081_F,12-May-73,aSP,1973,468,F081,400,,339,2,3,2
468LA_50_F081_F,10-Oct-75,Fa,1975,468,F081,752,445,397,2,7,2
468LA_500_F081_F,06-Oct-85,Fa,1985,468,F081,1245,513,467,2,15,2
468LA_501_F081_F,06-Oct-85,Fa,1985,468,F081,1173,492,447,2,,2
468LA_502_F081_F,06-Oct-85,Fa,1985,468,F081,482,397,350,1,8,2
468LA_503_F081_F,06-Oct-85,Fa,1985,468,F081,845,468,425,2,12,2
468LA_504_F081_F,06-Oct-85,Fa,1985,468,F081,910,507,447,1,,2
468LA_505_F081_F,06-Oct-85,Fa,1985,468,F081,985,483,430,2,13,2
468LA_506_F081_F,06-Oct-85,Fa,1985,468,F081,1350,533,483,1,15,2
468LA_509_F081_F,14-Aug-86,Fa,1986,468,F081,302,347,310,1,,1
468LA_51_F081_F,10-Oct-75,Fa,1975,468,F081,806,459,415,2,8,5
468LA_510_F081_F,14-Aug-86,Fa,1986,468,F081,1032,488,438,1,,2
468LA_511_F081_F,14-Aug-86,Fa,1986,468,F081,622,417,376,1,,2
468LA_512_F081_F,14-Aug-86,Fa,1986,468,F081,710,427,381,1,,2
468LA_513_F081_F,14-Aug-86,Fa,1986,468,F081,1000,480,437,1,,2
468LA_514_F081_F,14-Aug-86,Fa,1986,468,F081,754,449,405,1,,2
468LA_515_F081_F,14-Aug-86,Fa,1986,468,F081,582,410,364,1,,1
468LA_516_F081_F,14-Aug-86,Fa,1986,468,F081,724,447,397,2,,2
468LA_517_F081_F,14-Aug-86,Fa,1986,468,F081,807,451,409,2,,2
468LA_518_F081_F,14-Aug-86,Fa,1986,468,F081,903,468,423,1,,2
468LA_519_F081_F,14-Aug-86,Fa,1986,468,F081,275,332,296,1,,1
468LA_52_F081_F,10-Oct-75,Fa,1975,468,F081,543,397,357,,7,
468LA_520_F081_F,14-Aug-86,Fa,1986,468,F081,177,293,262,9,,1
468LA_521_F081_F,14-Aug-86,Fa,1986,468,F081,949,485,435,2,,2
468LA_522_F081_F,14-Aug-86,Fa,1986,468,F081,384,355,321,1,,1
468LA_523_F081_F,14-Aug-86,Fa,1986,468,F081,201,300,267,2,,1
468LA_524_F081_F,14-Aug-86,Fa,1986,468,F081,932,470,421,2,,2
468LA_525_F081_F,14-Aug-86,Fa,1986,468,F081,71,209,190,2,,1
468LA_526_F081_F,14-Aug-86,Fa,1986,468,F081,4400,732,677,2,,2
468LA_527_F081_F,14-Aug-86,Fa,1986,468,F081,508,391,350,2,,2
468LA_528_F081_F,14-Aug-86,Fa,1986,468,F081,903,456,412,1,,2
468LA_529_F081_F,14-Aug-86,Fa,1986,468,F081,352,358,322,1,,1
468LA_53_F081_F,10-Oct-75,Fa,1975,468,F081,492,397,353,,6,
468LA_530_F081_F,14-Aug-86,Fa,1986,468,F081,330,364,327,2,,1
468LA_531_F081_F,14-Aug-86,Fa,1986,468,F081,1079,479,427,2,,2
468LA_532_F081_F,24-Sep-86,Fa,1986,468,F081,186,292,275,9,,1
468LA_533_F081_F,24-Sep-86,Fa,1986,468,F081,32,165,145,,,
468LA_534_F081_F,24-Sep-86,Fa,1986,468,F081,2650,663,620,,,
468LA_535_F081_F,30-Sep-86,Fa,1986,468,F081,1330,517,469,2,,2
468LA_536_F081_F,30-Sep-86,Fa,1986,468,F081,983,498,450,1,,2
468LA_537_F081_F,30-Sep-86,Fa,1986,468,F081,1255,521,472,1,,2
468LA_538_F081_F,30-Sep-86,Fa,1986,468,F081,710,438,398,1,,2
468LA_539_F081_F,30-Sep-86,Fa,1986,468,F081,1365,516,468,2,,2
468LA_54_F081_F,10-Oct-75,Fa,1975,468,F081,151,273,247,2,3,1
468LA_540_F081_F,30-Sep-86,Fa,1986,468,F081,1445,529,481,1,,2
468LA_541_F081_F,30-Sep-86,Fa,1986,468,F081,710,461,415,2,,2
468LA_542_F081_F,30-Sep-86,Fa,1986,468,F081,588,433,388,1,,2
468LA_543_F081_F,30-Sep-86,Fa,1986,468,F081,756,448,403,1,,2
468LA_544_F081_F,30-Sep-86,Fa,1986,468,F081,895,493,445,1,,2
468LA_545_F081_F,30-Sep-86,Fa,1986,468,F081,758,450,405,1,,2
468LA_546_F081_F,30-Sep-86,Fa,1986,468,F081,973,495,445,1,,2
468LA_547_F081_F,30-Sep-86,Fa,1986,468,F081,1075,513,461,,,
468LA_548_F081_F,30-Sep-86,Fa,1986,468,F081,752,452,408,1,,2
468LA_549_F081_F,30-Sep-86,Fa,1986,468,F081,1160,512,460,1,,2
468LA_55_F081_F,10-Oct-75,Fa,1975,468,F081,131,258,231,1,3,1
468LA_550_F081_F,30-Sep-86,Fa,1986,468,F081,1143,515,467,1,,2
468LA_551_F081_F,30-Sep-86,Fa,1986,468,F081,192,296,267,,,
468LA_552_F081_F,30-Sep-86,Fa,1986,468,F081,1118,483,457,2,,2
468LA_553_F081_F,30-Sep-86,Fa,1986,468,F081,1073,486,440,1,,2
468LA_554_F081_F,30-Sep-86,Fa,1986,468,F081,1438,523,471,,,
468LA_555_F081_F,30-Sep-86,Fa,1986,468,F081,1473,547,498,2,,2
468LA_556_F081_F,30-Sep-86,Fa,1986,468,F081,960,489,437,1,,2
468LA_557_F081_F,30-Sep-86,Fa,1986,468,F081,1072,483,437,1,,2
468LA_558_F081_F,30-Sep-86,Fa,1986,468,F081,1098,493,442,1,,2
468LA_559_F081_F,03-Oct-87,Fa,1987,468,F081,812,459,414,2,,2
468LA_56_F081_F,11-Oct-75,Fa,1975,468,F081,,600,548,2,11,5
468LA_560_F081_F,03-Oct-87,Fa,1987,468,F081,1065,512,462,2,,4
468LA_561_F081_F,03-Oct-87,Fa,1987,468,F081,768,454,410,2,,2
468LA_562_F081_F,03-Oct-87,Fa,1987,468,F081,995,475,430,2,,2
468LA_563_F081_F,03-Oct-87,Fa,1987,468,F081,1580,562,500,1,,2
468LA_564_F081_F,03-Oct-87,Fa,1987,468,F081,1250,503,458,2,,2
468LA_565_F081_F,03-Oct-87,Fa,1987,468,F081,412,393,357,1,,2
468LA_566_F081_F,03-Oct-87,Fa,1987,468,F081,667,447,403,1,,2
468LA_567_F081_F,03-Oct-87,Fa,1987,468,F081,1245,537,490,1,,4
468LA_568_F081_F,03-Oct-87,Fa,1987,468,F081,745,468,418,1,,2
468LA_569_F081_F,03-Oct-87,Fa,1987,468,F081,662,443,397,1,,2
468LA_57_F081_F,11-Oct-75,Fa,1975,468,F081,235,312,288,2,3,1
468LA_570_F081_F,03-Oct-87,Fa,1987,468,F081,1410,537,487,1,,2
468LA_571_F081_F,03-Oct-87,Fa,1987,468,F081,562,420,378,1,,2
468LA_572_F081_F,03-Oct-87,Fa,1987,468,F081,985,475,434,2,,2
468LA_573_F081_F,03-Oct-87,Fa,1987,468,F081,1135,520,473,,,
468LA_574_F081_F,03-Oct-87,Fa,1987,468,F081,516,417,368,1,,2
468LA_575_F081_F,03-Oct-87,Fa,1987,468,F081,820,484,438,2,,2
468LA_576_F081_F,14-Sep-88,Fa,1988,468,F081,1103,487,448,1,,2
468LA_577_F081_F,14-Sep-88,Fa,1988,468,F081,649,436,391,1,,2
468LA_578_F081_F,14-Sep-88,Fa,1988,468,F081,1091,488,442,,,
468LA_579_F081_F,14-Sep-88,Fa,1988,468,F081,477,387,348,2,,1
468LA_58_F081_F,11-Oct-75,Fa,1975,468,F081,102,237,215,2,3,1
468LA_580_F081_F,14-Sep-88,Fa,1988,468,F081,710,438,395,2,,2
468LA_581_F081_F,14-Sep-88,Fa,1988,468,F081,379,364,328,1,,1
468LA_582_F081_F,14-Sep-88,Fa,1988,468,F081,802,445,400,2,,1
468LA_583_F081_F,14-Sep-88,Fa,1988,468,F081,324,357,321,2,,1
468LA_584_F081_F,14-Sep-88,Fa,1988,468,F081,588,419,371,2,,6
468LA_585_F081_F,14-Sep-88,Fa,1988,468,F081,561,415,370,2,,6
468LA_586_F081_F,14-Sep-88,Fa,1988,468,F081,1362,523,472,2,,2
468LA_587_F081_F,14-Sep-88,Fa,1988,468,F081,1082,503,452,1,,2
468LA_588_F081_F,14-Sep-88,Fa,1988,468,F081,1481,522,475,2,,2
468LA_589_F081_F,14-Sep-88,Fa,1988,468,F081,1291,528,479,1,,2
468LA_59_F081_F,11-Oct-75,Fa,1975,468,F081,145,264,237,2,4,1
468LA_590_F081_F,14-Sep-88,Fa,1988,468,F081,222,314,279,2,,1
468LA_591_F081_F,14-Sep-88,Fa,1988,468,F081,259,322,286,2,,1
468LA_592_F081_F,08-Sep-89,Fa,1989,468,F081,459,384,347,1,,1
468LA_593_F081_F,08-Sep-89,Fa,1989,468,F081,243,328,295,1,,1
468LA_594_F081_F,08-Sep-89,Fa,1989,468,F081,858,468,421,1,,4
468LA_595_F081_F,08-Sep-89,Fa,1989,468,F081,692,421,370,2,,6
468LA_596_F081_F,08-Sep-89,Fa,1989,468,F081,359,363,327,2,,6
468LA_597_F081_F,08-Sep-89,Fa,1989,468,F081,175,298,265,1,,1
468LA_598_F081_F,08-Sep-89,Fa,1989,468,F081,360,371,332,1,,1
468LA_599_F081_F,08-Sep-89,Fa,1989,468,F081,1212,495,451,1,,2
468LA_6_F081_F,13-May-73,aSP,1973,468,F081,305,,304,1,6,2
468LA_60_F081_F,11-Oct-75,Fa,1975,468,F081,183,285,257,1,2,1
468LA_600_F081_F,08-Sep-89,Fa,1989,468,F081,550,408,363,1,,2
468LA_601_F081_F,08-Sep-89,Fa,1989,468,F081,341,356,318,2,,6
468LA_602_F081_F,08-Sep-89,Fa,1989,468,F081,123,252,227,9,,1
468LA_603_F081_F,08-Sep-89,Fa,1989,468,F081,181,284,255,2,,1
468LA_604_F081_F,08-Sep-89,Fa,1989,468,F081,423,382,340,1,,1
468LA_605_F081_F,08-Sep-89,Fa,1989,468,F081,680,434,392,2,,6
468LA_606_F081_F,08-Sep-89,Fa,1989,468,F081,507,407,367,2,,6
468LA_607_F081_F,08-Sep-89,Fa,1989,468,F081,379,358,322,2,,1
468LA_608_F081_F,08-Sep-89,Fa,1989,468,F081,551,418,374,1,,2
468LA_609_F081_F,08-Sep-89,Fa,1989,468,F081,235,312,280,1,,1
468LA_61_F081_F,14-Dec-78,Fa,1978,468,F081,1880,588,532,1,,2
468LA_610_F081_F,08-Sep-89,Fa,1989,468,F081,369,370,371,1,,1
468LA_611_F081_F,08-Sep-89,Fa,1989,468,F081,378,361,321,2,,6
468LA_612_F081_F,08-Sep-89,Fa,1989,468,F081,383,371,330,1,,1
468LA_613_F081_F,08-Sep-89,Fa,1989,468,F081,387,373,333,2,,6
468LA_614_F081_F,08-Sep-89,Fa,1989,468,F081,210,295,261,2,,1
468LA_615_F081_F,08-Sep-89,Fa,1989,468,F081,335,362,322,2,,1
468LA_616_F081_F,08-Sep-89,Fa,1989,468,F081,471,396,353,2,,6
468LA_617_F081_F,08-Sep-89,Fa,1989,468,F081,148,272,246,9,,1
468LA_618_F081_F,08-Sep-89,Fa,1989,468,F081,435,374,336,1,,1
468LA_619_F081_F,08-Sep-89,Fa,1989,468,F081,333,367,326,2,,1
468LA_62_F081_F,14-Dec-78,Fa,1978,468,F081,607,432,387,1,,2
468LA_620_F081_F,08-Sep-89,Fa,1989,468,F081,298,343,304,2,,1
468LA_621_F081_F,08-Sep-89,Fa,1989,468,F081,239,315,279,1,,1
468LA_622_F081_F,08-Sep-89,Fa,1989,468,F081,444,387,344,1,,1
468LA_623_F081_F,08-Sep-89,Fa,1989,468,F081,281,342,307,1,,1
468LA_624_F081_F,08-Sep-89,Fa,1989,468,F081,61,205,185,2,,1
468LA_625_F081_F,07-Sep-90,Fa,1990,468,F081,919,457,415,2,,2
468LA_626_F081_F,07-Sep-90,Fa,1990,468,F081,259,327,297,1,,1
468LA_627_F081_F,07-Sep-90,Fa,1990,468,F081,942,471,425,2,,2
468LA_628_F081_F,07-Sep-90,Fa,1990,468,F081,269,326,293,1,,1
468LA_629_F081_F,07-Sep-90,Fa,1990,468,F081,711,439,396,1,,2
468LA_63_F081_F,14-Dec-78,Fa,1978,468,F081,3425,697,629,2,,2
468LA_630_F081_F,07-Sep-90,Fa,1990,468,F081,595,414,367,2,,2
468LA_631_F081_F,07-Sep-90,Fa,1990,468,F081,299,344,306,2,,1
468LA_632_F081_F,07-Sep-90,Fa,1990,468,F081,365,368,328,1,,1
468LA_633_F081_F,07-Sep-90,Fa,1990,468,F081,436,377,333,1,,1
468LA_634_F081_F,07-Sep-90,Fa,1990,468,F081,489,397,355,1,,1
468LA_635_F081_F,07-Sep-90,Fa,1990,468,F081,420,380,340,1,,2
468LA_636_F081_F,07-Sep-90,Fa,1990,468,F081,1152,487,442,1,,2
468LA_637_F081_F,07-Sep-90,Fa,1990,468,F081,373,372,330,2,,1
468LA_638_F081_F,07-Sep-90,Fa,1990,468,F081,181,290,262,1,,1
468LA_639_F081_F,07-Sep-90,Fa,1990,468,F081,555,391,350,1,,1
468LA_64_F081_F,14-Dec-78,Fa,1978,468,F081,1589,553,497,2,,2
468LA_640_F081_F,07-Sep-90,Fa,1990,468,F081,231,315,280,2,,1
468LA_641_F081_F,07-Sep-90,Fa,1990,468,F081,603,428,379,1,,1
468LA_642_F081_F,07-Sep-90,Fa,1990,468,F081,398,384,340,2,,1
468LA_643_F081_F,07-Sep-90,Fa,1990,468,F081,1210,520,454,1,,2
468LA_644_F081_F,07-Sep-90,Fa,1990,468,F081,427,376,338,1,,1
468LA_645_F081_F,07-Sep-90,Fa,1990,468,F081,279,329,291,2,,1
468LA_646_F081_F,07-Sep-90,Fa,1990,468,F081,261,328,294,1,,1
468LA_647_F081_F,07-Sep-90,Fa,1990,468,F081,502,400,355,2,,6
468LA_648_F081_F,07-Sep-90,Fa,1990,468,F081,484,396,357,2,,2
468LA_649_F081_F,07-Sep-90,Fa,1990,468,F081,295,334,300,1,,2
468LA_65_F081_F,14-Dec-78,Fa,1978,468,F081,2025,600,547,2,,2
468LA_650_F081_F,07-Sep-90,Fa,1990,468,F081,425,382,340,2,,1
468LA_651_F081_F,05-Sep-91,Fa,1991,468,F081,751,450,410,1,,2
468LA_652_F081_F,05-Sep-91,Fa,1991,468,F081,232,304,273,9,,1
468LA_653_F081_F,05-Sep-91,Fa,1991,468,F081,870,470,418,2,,2
468LA_654_F081_F,05-Sep-91,Fa,1991,468,F081,1200,508,463,1,,2
468LA_655_F081_F,05-Sep-91,Fa,1991,468,F081,730,444,394,1,,2
468LA_656_F081_F,05-Sep-91,Fa,1991,468,F081,544,421,380,2,,2
468LA_657_F081_F,05-Sep-91,Fa,1991,468,F081,1130,498,448,1,,2
468LA_658_F081_F,05-Sep-91,Fa,1991,468,F081,780,460,412,2,,2
468LA_659_F081_F,05-Sep-91,Fa,1991,468,F081,1475,540,492,2,,2
468LA_66_F081_F,14-Dec-78,Fa,1978,468,F081,874,481,437,2,,2
468LA_660_F081_F,05-Sep-91,Fa,1991,468,F081,416,389,347,1,,2
468LA_661_F081_F,05-Sep-91,Fa,1991,468,F081,2520,671,609,2,,2
468LA_662_F081_F,04-Sep-91,Fa,1991,468,F081,627,451,402,2,,2
468LA_663_F081_F,04-Sep-91,Fa,1991,468,F081,751,441,402,1,,2
468LA_664_F081_F,04-Sep-91,Fa,1991,468,F081,759,463,416,2,,2
468LA_665_F081_F,04-Sep-91,Fa,1991,468,F081,762,452,405,1,,2
468LA_666_F081_F,04-Sep-91,Fa,1991,468,F081,965,458,415,2,,2
468LA_667_F081_F,04-Sep-91,Fa,1991,468,F081,577,431,385,2,,2
468LA_668_F081_F,04-Sep-91,Fa,1991,468,F081,504,400,357,1,,2
468LA_669_F081_F,04-Sep-91,Fa,1991,468,F081,339,359,321,2,,2
468LA_67_F081_F,14-Dec-78,Fa,1978,468,F081,619,421,379,,,
468LA_670_F081_F,04-Sep-91,Fa,1991,468,F081,237,317,285,,,
468LA_671_F081_F,04-Sep-91,Fa,1991,468,F081,1340,525,471,1,,2
468LA_672_F081_F,15-Sep-92,Fa,1992,468,F081,544,411,363,2,,2
468LA_673_F081_F,15-Sep-92,Fa,1992,468,F081,888,486,433,1,,1
468LA_674_F081_F,15-Sep-92,Fa,1992,468,F081,559,404,360,2,,1
468LA_675_F081_F,15-Sep-92,Fa,1992,468,F081,378,371,333,1,,1
468LA_676_F081_F,15-Sep-92,Fa,1992,468,F081,651,425,381,2,,2
468LA_677_F081_F,15-Sep-92,Fa,1992,468,F081,569,417,372,1,,1
468LA_678_F081_F,15-Sep-92,Fa,1992,468,F081,491,393,352,1,,1
468LA_679_F081_F,15-Sep-92,Fa,1992,468,F081,348,359,320,2,,1
468LA_68_F081_F,14-Dec-78,Fa,1978,468,F081,853,467,418,2,,2
468LA_680_F081_F,15-Sep-92,Fa,1992,468,F081,589,412,372,2,,2
468LA_681_F081_F,15-Sep-92,Fa,1992,468,F081,681,446,397,1,,1
468LA_682_F081_F,15-Sep-92,Fa,1992,468,F081,465,392,350,2,,1
468LA_683_F081_F,15-Sep-92,Fa,1992,468,F081,52,197,178,2,,1
468LA_684_F081_F,15-Sep-92,Fa,1992,468,F081,220,314,280,2,,1
468LA_685_F081_F,15-Sep-92,Fa,1992,468,F081,527,402,360,1,,2
468LA_686_F081_F,15-Sep-92,Fa,1992,468,F081,470,405,362,2,,2
468LA_687_F081_F,15-Sep-92,Fa,1992,468,F081,979,494,444,1,,2
468LA_688_F081_F,15-Sep-92,Fa,1992,468,F081,104,243,217,2,,1
468LA_689_F081_F,15-Sep-92,Fa,1992,468,F081,616,433,386,2,,2
468LA_69_F081_F,14-Dec-78,Fa,1978,468,F081,685,430,385,2,,2
468LA_690_F081_F,15-Sep-92,Fa,1992,468,F081,370,366,329,1,,1
468LA_691_F081_F,15-Sep-92,Fa,1992,468,F081,412,382,340,2,,1
468LA_692_F081_F,15-Sep-92,Fa,1992,468,F081,342,357,317,2,,1
468LA_693_F081_F,07-Oct-92,Fa,1992,468,F081,879,478,428,1,,2
468LA_694_F081_F,07-Oct-92,Fa,1992,468,F081,656,429,390,2,,2
468LA_695_F081_F,07-Oct-92,Fa,1992,468,F081,647,435,395,1,,2
468LA_696_F081_F,07-Oct-92,Fa,1992,468,F081,704,439,390,1,,2
468LA_697_F081_F,07-Oct-92,Fa,1992,468,F081,962,475,429,1,,2
468LA_698_F081_F,07-Oct-92,Fa,1992,468,F081,484,400,360,1,,2
468LA_699_F081_F,07-Oct-92,Fa,1992,468,F081,801,457,415,2,,2
468LA_7_F081_F,13-May-73,aSP,1973,468,F081,860,,428,2,6,1
468LA_70_F081_F,14-Dec-78,Fa,1978,468,F081,2219,639,581,2,,2
468LA_700_F081_F,07-Oct-92,Fa,1992,468,F081,553,410,367,1,,2
468LA_701_F081_F,09-Oct-92,Fa,1992,468,F081,1133,543,487,2,,2
468LA_702_F081_F,09-Oct-92,Fa,1992,468,F081,859,482,439,2,,2
468LA_703_F081_F,02-Sep-93,Fa,1993,468,F081,1022,514,463,2,,6
468LA_704_F081_F,02-Sep-93,Fa,1993,468,F081,872,470,425,2,,4
468LA_705_F081_F,02-Sep-93,Fa,1993,468,F081,727,440,397,2,,6
468LA_706_F081_F,02-Sep-93,Fa,1993,468,F081,236,315,280,2,,1
468LA_707_F081_F,02-Sep-93,Fa,1993,468,F081,1065,491,439,2,,4
468LA_708_F081_F,02-Sep-93,Fa,1993,468,F081,292,336,299,2,,1
468LA_709_F081_F,02-Sep-93,Fa,1993,468,F081,768,447,406,1,,4
468LA_71_F081_F,14-Dec-78,Fa,1978,468,F081,7500,1000,884,1,,2
468LA_710_F081_F,02-Sep-93,Fa,1993,468,F081,629,427,384,1,,1
468LA_711_F081_F,02-Sep-93,Fa,1993,468,F081,869,461,416,2,,4
468LA_712_F081_F,02-Sep-93,Fa,1993,468,F081,321,358,318,2,,1
468LA_713_F081_F,02-Sep-93,Fa,1993,468,F081,913,468,417,1,,4
468LA_714_F081_F,02-Sep-93,Fa,1993,468,F081,813,464,420,2,,6
468LA_715_F081_F,02-Sep-93,Fa,1993,468,F081,231,313,280,1,,1
468LA_716_F081_F,02-Sep-93,Fa,1993,468,F081,748,449,406,2,,6
468LA_717_F081_F,02-Sep-93,Fa,1993,468,F081,762,465,414,1,,1
468LA_718_F081_F,02-Sep-93,Fa,1993,468,F081,297,342,308,1,,1
468LA_719_F081_F,02-Sep-93,Fa,1993,468,F081,263,329,295,2,,1
468LA_72_F081_F,14-Dec-78,Fa,1978,468,F081,9400,950,833,1,,2
468LA_720_F081_F,02-Sep-93,Fa,1993,468,F081,816,468,416,2,,4
468LA_721_F081_F,02-Sep-93,Fa,1993,468,F081,157,269,241,2,,1
468LA_722_F081_F,02-Sep-93,Fa,1993,468,F081,648,433,386,2,,6
468LA_723_F081_F,02-Sep-93,Fa,1993,468,F081,651,425,385,1,,4
468LA_724_F081_F,02-Sep-93,Fa,1993,468,F081,793,442,395,2,,1
468LA_725_F081_F,02-Sep-93,Fa,1993,468,F081,519,413,369,2,,6
468LA_726_F081_F,02-Sep-93,Fa,1993,468,F081,242,312,276,2,,1
468LA_727_F081_F,02-Sep-93,Fa,1993,468,F081,275,334,300,1,,1
468LA_728_F081_F,02-Sep-93,Fa,1993,468,F081,143,260,232,1,,1
468LA_729_F081_F,02-Sep-93,Fa,1993,468,F081,58,196,177,,,
468LA_73_F081_F,29-Jul-81,Fa,1981,468,F081,595,413,372,2,6,1
468LA_730_F081_F,02-Sep-93,Fa,1993,468,F081,241,312,280,2,,1
468LA_731_F081_F,10-Sep-93,Fa,1993,468,F081,713,435,396,2,,6
468LA_732_F081_F,10-Sep-93,Fa,1993,468,F081,754,455,412,1,,2
468LA_733_F081_F,10-Sep-93,Fa,1993,468,F081,712,425,381,2,,2
468LA_734_F081_F,10-Sep-93,Fa,1993,468,F081,948,478,432,1,,2
468LA_735_F081_F,10-Sep-93,Fa,1993,468,F081,787,449,401,2,,2
468LA_736_F081_F,10-Sep-93,Fa,1993,468,F081,1209,507,455,2,,2
468LA_737_F081_F,13-Sep-94,Fa,1994,468,F081,430,381,345,1,,1
468LA_738_F081_F,13-Sep-94,Fa,1994,468,F081,681,448,400,2,,6
468LA_739_F081_F,13-Sep-94,Fa,1994,468,F081,960,498,448,2,,2
468LA_74_F081_F,29-Jul-81,Fa,1981,468,F081,628,613,375,1,8,2
468LA_740_F081_F,13-Sep-94,Fa,1994,468,F081,698,457,410,1,,1
468LA_741_F081_F,13-Sep-94,Fa,1994,468,F081,664,444,397,2,,6
468LA_742_F081_F,13-Sep-94,Fa,1994,468,F081,1644,604,544,2,,6
468LA_743_F081_F,13-Sep-94,Fa,1994,468,F081,837,486,432,2,,6
468LA_744_F081_F,13-Sep-94,Fa,1994,468,F081,439,398,350,2,,1
468LA_745_F081_F,13-Sep-94,Fa,1994,468,F081,435,376,335,2,,1
468LA_746_F081_F,13-Sep-94,Fa,1994,468,F081,591,427,385,2,,6
468LA_747_F081_F,13-Sep-94,Fa,1994,468,F081,1420,569,510,2,,6
468LA_748_F081_F,13-Sep-94,Fa,1994,468,F081,422,379,338,1,,1
468LA_749_F081_F,13-Sep-94,Fa,1994,468,F081,162,275,247,2,,2
468LA_75_F081_F,29-Jul-81,Fa,1981,468,F081,865,469,422,1,14,2
468LA_750_F081_F,13-Sep-94,Fa,1994,468,F081,260,322,289,2,,1
468LA_751_F081_F,26-Oct-94,Fa,1994,468,F081,854,477,434,2,,2
468LA_752_F081_F,26-Oct-94,Fa,1994,468,F081,594,418,373,2,,2
468LA_753_F081_F,26-Oct-94,Fa,1994,468,F081,762,465,417,1,,1
468LA_754_F081_F,26-Oct-94,Fa,1994,468,F081,174,294,262,1,,1
468LA_755_F081_F,26-Oct-94,Fa,1994,468,F081,158,267,240,2,,1
468LA_756_F081_F,26-Oct-94,Fa,1994,468,F081,583,441,391,2,,2
468LA_757_F081_F,26-Oct-94,Fa,1994,468,F081,456,391,351,2,,1
468LA_758_F081_F,26-Oct-94,Fa,1994,468,F081,61,198,178,2,,1
468LA_759_F081_F,26-Oct-94,Fa,1994,468,F081,766,483,435,2,,2
468LA_76_F081_F,29-Jul-81,Fa,1981,468,F081,972,508,450,2,9,2
468LA_760_F081_F,26-Oct-94,Fa,1994,468,F081,3097,708,644,2,,2
468LA_761_F081_F,06-Sep-95,Fa,1995,468,F081,1582,547,492,2,,2
468LA_762_F081_F,06-Sep-95,Fa,1995,468,F081,747,474,427,2,,6
468LA_763_F081_F,06-Sep-95,Fa,1995,468,F081,1328,547,489,2,,1
468LA_764_F081_F,06-Sep-95,Fa,1995,468,F081,821,485,433,1,,1
468LA_765_F081_F,06-Sep-95,Fa,1995,468,F081,348,356,317,2,,1
468LA_766_F081_F,06-Sep-95,Fa,1995,468,F081,644,437,392,1,,1
468LA_767_F081_F,06-Sep-95,Fa,1995,468,F081,600,434,384,1,,1
468LA_768_F081_F,06-Sep-95,Fa,1995,468,F081,577,432,386,1,,1
468LA_769_F081_F,06-Sep-95,Fa,1995,468,F081,679,439,398,2,,6
468LA_77_F081_F,29-Jul-81,Fa,1981,468,F081,693,442,385,2,6,2
468LA_770_F081_F,06-Sep-95,Fa,1995,468,F081,1237,509,457,2,,2
468LA_771_F081_F,06-Sep-95,Fa,1995,468,F081,713,440,397,1,,2
468LA_772_F081_F,06-Sep-95,Fa,1995,468,F081,270,334,302,2,,1
468LA_773_F081_F,06-Sep-95,Fa,1995,468,F081,100,239,213,2,,1
468LA_774_F081_F,21-Sep-95,Fa,1995,468,F081,522,407,360,2,,1
468LA_775_F081_F,21-Sep-95,Fa,1995,468,F081,865,459,410,2,,2
468LA_776_F081_F,21-Sep-95,Fa,1995,468,F081,844,475,425,1,,2
468LA_777_F081_F,21-Sep-95,Fa,1995,468,F081,839,451,410,2,,2
468LA_778_F081_F,21-Sep-95,Fa,1995,468,F081,533,396,355,2,,1
468LA_779_F081_F,21-Sep-95,Fa,1995,468,F081,500,405,361,2,,1
468LA_78_F081_F,29-Jul-81,Fa,1981,468,F081,357,365,325,2,6,1
468LA_780_F081_F,21-Sep-95,Fa,1995,468,F081,558,410,370,1,,1
468LA_781_F081_F,21-Sep-95,Fa,1995,468,F081,595,412,375,1,,2
468LA_782_F081_F,21-Sep-95,Fa,1995,468,F081,413,375,336,2,,1
468LA_783_F081_F,27-Sep-95,Fa,1995,468,F081,697,461,415,1,,2
468LA_784_F081_F,27-Sep-95,Fa,1995,468,F081,692,461,412,1,,2
468LA_785_F081_F,04-Sep-96,Fa,1996,468,F081,902,474,425,1,,1
468LA_786_F081_F,04-Sep-96,Fa,1996,468,F081,560,407,367,1,,1
468LA_787_F081_F,04-Sep-96,Fa,1996,468,F081,650,422,380,1,,2
468LA_788_F081_F,04-Sep-96,Fa,1996,468,F081,720,455,419,2,,1
468LA_789_F081_F,04-Sep-96,Fa,1996,468,F081,398,368,355,2,,1
468LA_79_F081_F,29-Jul-81,Fa,1981,468,F081,878,452,405,1,9,2
468LA_790_F081_F,04-Sep-96,Fa,1996,468,F081,239,317,282,2,,1
468LA_791_F081_F,04-Sep-96,Fa,1996,468,F081,653,430,385,2,,2
468LA_792_F081_F,04-Sep-96,Fa,1996,468,F081,530,407,365,2,,1
468LA_793_F081_F,04-Sep-96,Fa,1996,468,F081,551,427,380,2,,1
468LA_794_F081_F,04-Sep-96,Fa,1996,468,F081,434,384,330,2,,1
468LA_795_F081_F,04-Sep-96,Fa,1996,468,F081,312,358,315,1,,1
468LA_796_F081_F,04-Sep-96,Fa,1996,468,F081,694,454,410,1,,1
468LA_797_F081_F,04-Sep-96,Fa,1996,468,F081,637,440,395,2,,1
468LA_798_F081_F,04-Sep-96,Fa,1996,468,F081,687,467,418,1,,1
468LA_799_F081_F,04-Sep-96,Fa,1996,468,F081,860,479,430,2,,2
468LA_8_F081_F,13-May-73,aSP,1973,468,F081,1690,,530,1,5,2
468LA_80_F081_F,26-Aug-81,Fa,1981,468,F081,637,427,383,1,8,2
468LA_800_F081_F,04-Sep-96,Fa,1996,468,F081,652,435,387,2,,1
468LA_801_F081_F,04-Sep-96,Fa,1996,468,F081,814,488,438,2,,1
468LA_802_F081_F,04-Sep-96,Fa,1996,468,F081,1001,493,440,2,,2
468LA_803_F081_F,04-Sep-96,Fa,1996,468,F081,2810,660,597,2,,2
468LA_804_F081_F,04-Sep-96,Fa,1996,468,F081,722,454,405,1,,1
468LA_805_F081_F,04-Sep-96,Fa,1996,468,F081,189,297,264,2,,1
468LA_806_F081_F,04-Sep-96,Fa,1996,468,F081,1110,520,466,2,,1
468LA_807_F081_F,04-Sep-96,Fa,1996,468,F081,338,370,328,2,,1
468LA_808_F081_F,04-Sep-96,Fa,1996,468,F081,766,450,406,1,,2
468LA_809_F081_F,04-Sep-96,Fa,1996,468,F081,976,469,427,2,,2
468LA_81_F081_F,26-Aug-81,Fa,1981,468,F081,810,449,405,2,9,2
468LA_810_F081_F,04-Sep-96,Fa,1996,468,F081,884,448,402,1,,2
468LA_811_F081_F,04-Sep-96,Fa,1996,468,F081,427,385,347,1,,1
468LA_812_F081_F,04-Sep-96,Fa,1996,468,F081,925,454,406,2,,2
468LA_813_F081_F,04-Sep-96,Fa,1996,468,F081,369,360,321,2,,1
468LA_814_F081_F,11-Sep-96,Fa,1996,468,F081,435,380,340,1,,1
468LA_815_F081_F,11-Sep-96,Fa,1996,468,F081,908,468,425,2,,2
468LA_816_F081_F,11-Sep-96,Fa,1996,468,F081,914,462,415,2,,2
468LA_817_F081_F,11-Sep-96,Fa,1996,468,F081,991,468,425,1,,2
468LA_818_F081_F,11-Sep-96,Fa,1996,468,F081,954,467,427,1,,2
468LA_819_F081_F,11-Sep-96,Fa,1996,468,F081,701,442,393,1,,2
468LA_82_F081_F,26-Aug-81,Fa,1981,468,F081,422,376,335,2,4,1
468LA_820_F081_F,11-Sep-96,Fa,1996,468,F081,603,414,368,1,,2
468LA_821_F081_F,11-Sep-96,Fa,1996,468,F081,222,307,275,2,,1
468LA_822_F081_F,11-Sep-96,Fa,1996,468,F081,1146,509,463,1,,2
468LA_823_F081_F,11-Sep-96,Fa,1996,468,F081,691,435,395,1,,2
468LA_824_F081_F,02-Oct-96,Fa,1996,468,F081,800,471,428,2,,2
468LA_825_F081_F,02-Oct-96,Fa,1996,468,F081,962,479,427,2,,2
468LA_826_F081_F,02-Oct-96,Fa,1996,468,F081,781,438,388,2,,2
468LA_827_F081_F,02-Oct-96,Fa,1996,468,F081,877,459,413,2,,2
468LA_828_F081_F,02-Oct-96,Fa,1996,468,F081,1040,485,440,2,,2
468LA_829_F081_F,02-Oct-96,Fa,1996,468,F081,759,466,416,2,,2
468LA_83_F081_F,02-Sep-81,Fa,1981,468,F081,658,425,384,1,7,2
468LA_830_F081_F,02-Oct-96,Fa,1996,468,F081,443,391,350,1,,2
468LA_831_F081_F,02-Oct-96,Fa,1996,468,F081,796,456,409,1,,2
468LA_832_F081_F,02-Oct-96,Fa,1996,468,F081,1177,507,455,1,,2
468LA_833_F081_F,02-Oct-96,Fa,1996,468,F081,521,414,367,1,,2
468LA_834_F081_F,02-Oct-96,Fa,1996,468,F081,684,444,396,1,,2
468LA_835_F081_F,02-Oct-96,Fa,1996,468,F081,886,487,442,1,,2
468LA_836_F081_F,12-Sep-97,Fa,1997,468,F081,1210,490,444,2,,2
468LA_837_F081_F,12-Sep-97,Fa,1997,468,F081,296,347,308,2,,1
468LA_838_F081_F,12-Sep-97,Fa,1997,468,F081,1052,498,453,1,,2
468LA_839_F081_F,12-Sep-97,Fa,1997,468,F081,636,445,396,1,,1
468LA_84_F081_F,02-Sep-81,Fa,1981,468,F081,394,364,325,2,5,1
468LA_840_F081_F,12-Sep-97,Fa,1997,468,F081,301,343,303,1,,1
468LA_841_F081_F,12-Sep-97,Fa,1997,468,F081,283,341,301,2,,1
468LA_842_F081_F,12-Sep-97,Fa,1997,468,F081,236,313,275,2,,2
468LA_843_F081_F,12-Sep-97,Fa,1997,468,F081,1081,500,452,2,,2
468LA_844_F081_F,12-Sep-97,Fa,1997,468,F081,388,380,340,2,,2
468LA_845_F081_F,12-Sep-97,Fa,1997,468,F081,438,393,350,1,,2
468LA_846_F081_F,12-Sep-97,Fa,1997,468,F081,1119,490,440,2,,2
468LA_847_F081_F,12-Sep-97,Fa,1997,468,F081,749,462,413,2,,2
468LA_848_F081_F,28-Sep-98,Fa,1998,468,F081,540,412,368,1,,2
468LA_849_F081_F,28-Sep-98,Fa,1998,468,F081,525,403,358,2,,6
468LA_85_F081_F,02-Sep-81,Fa,1981,468,F081,430,385,345,2,6,1
468LA_850_F081_F,28-Sep-98,Fa,1998,468,F081,833,462,418,1,,2
468LA_851_F081_F,28-Sep-98,Fa,1998,468,F081,729,435,391,1,,2
468LA_852_F081_F,28-Sep-98,Fa,1998,468,F081,618,423,380,2,,2
468LA_853_F081_F,28-Sep-98,Fa,1998,468,F081,755,451,407,2,,2
468LA_854_F081_F,28-Sep-98,Fa,1998,468,F081,1012,492,440,1,,1
468LA_855_F081_F,28-Sep-98,Fa,1998,468,F081,643,430,385,1,,1
468LA_856_F081_F,28-Sep-98,Fa,1998,468,F081,800,480,430,2,,1
468LA_857_F081_F,28-Sep-98,Fa,1998,468,F081,796,482,430,1,,1
468LA_858_F081_F,28-Sep-98,Fa,1998,468,F081,624,429,382,1,,1
468LA_859_F081_F,28-Sep-98,Fa,1998,468,F081,563,410,365,2,,6
468LA_86_F081_F,02-Sep-81,Fa,1981,468,F081,965,482,435,1,9,2
468LA_860_F081_F,28-Sep-98,Fa,1998,468,F081,558,430,383,2,,6
468LA_861_F081_F,28-Sep-98,Fa,1998,468,F081,1070,508,458,2,,6
468LA_862_F081_F,28-Aug-99,Fa,1999,468,F081,506,415,362,2,,1
468LA_863_F081_F,28-Aug-99,Fa,1999,468,F081,1296,515,470,1,,2
468LA_864_F081_F,28-Aug-99,Fa,1999,468,F081,953,485,437,1,,2
468LA_865_F081_F,28-Aug-99,Fa,1999,468,F081,593,432,385,2,,6
468LA_866_F081_F,28-Aug-99,Fa,1999,468,F081,1093,505,452,2,,2
468LA_867_F081_F,28-Aug-99,Fa,1999,468,F081,624,422,375,1,,2
468LA_868_F081_F,28-Aug-99,Fa,1999,468,F081,596,433,385,2,,6
468LA_869_F081_F,28-Aug-99,Fa,1999,468,F081,828,445,405,,,
468LA_87_F081_F,02-Sep-81,Fa,1981,468,F081,700,437,393,1,7,2
468LA_870_F081_F,28-Aug-99,Fa,1999,468,F081,306,342,306,2,,1
468LA_871_F081_F,28-Aug-99,Fa,1999,468,F081,864,490,437,1,,1
468LA_872_F081_F,28-Aug-99,Fa,1999,468,F081,845,473,427,2,,2
468LA_873_F081_F,28-Aug-99,Fa,1999,468,F081,406,378,339,1,,1
468LA_874_F081_F,28-Aug-99,Fa,1999,468,F081,2447,659,598,1,,2
468LA_875_F081_F,28-Aug-99,Fa,1999,468,F081,1572,595,540,1,,1
468LA_876_F081_F,28-Aug-99,Fa,1999,468,F081,728,466,418,1,,1
468LA_877_F081_F,28-Aug-99,Fa,1999,468,F081,574,415,375,1,,2
468LA_878_F081_F,28-Aug-99,Fa,1999,468,F081,1216,514,454,1,,2
468LA_879_F081_F,28-Aug-99,Fa,1999,468,F081,1139,524,471,2,,6
468LA_88_F081_F,02-Sep-81,Fa,1981,468,F081,763,451,406,1,8,2
468LA_880_F081_F,28-Aug-99,Fa,1999,468,F081,865,476,437,1,,2
468LA_881_F081_F,25-Sep-99,Fa,1999,468,F081,686,447,400,1,,2
468LA_882_F081_F,25-Sep-99,Fa,1999,468,F081,677,447,398,1,,2
468LA_883_F081_F,25-Sep-99,Fa,1999,468,F081,611,440,399,1,,2
468LA_884_F081_F,25-Sep-99,Fa,1999,468,F081,745,437,395,2,,2
468LA_885_F081_F,25-Sep-99,Fa,1999,468,F081,538,410,372,1,,2
468LA_886_F081_F,25-Sep-99,Fa,1999,468,F081,548,423,379,1,,2
468LA_887_F081_F,25-Sep-99,Fa,1999,468,F081,667,441,398,1,,2
468LA_888_F081_F,25-Sep-99,Fa,1999,468,F081,472,389,350,1,,2
468LA_889_F081_F,22-Sep-00,Fa,2000,468,F081,1276,538,482,1,,1
468LA_89_F081_F,02-Sep-81,Fa,1981,468,F081,915,472,420,2,10,2
468LA_890_F081_F,22-Sep-00,Fa,2000,468,F081,826,457,413,1,,2
468LA_891_F081_F,22-Sep-00,Fa,2000,468,F081,883,434,390,2,,2
468LA_892_F081_F,22-Sep-00,Fa,2000,468,F081,978,476,427,1,,2
468LA_893_F081_F,22-Sep-00,Fa,2000,468,F081,750,449,405,2,,2
468LA_894_F081_F,22-Sep-00,Fa,2000,468,F081,789,461,412,2,,2
468LA_895_F081_F,22-Sep-00,Fa,2000,468,F081,702,444,400,2,,2
468LA_896_F081_F,22-Sep-00,Fa,2000,468,F081,801,457,410,1,,2
468LA_897_F081_F,22-Sep-00,Fa,2000,468,F081,773,448,405,2,,2
468LA_898_F081_F,22-Sep-00,Fa,2000,468,F081,410,369,332,1,,1
468LA_899_F081_F,22-Sep-00,Fa,2000,468,F081,645,434,390,1,,2
468LA_9_F081_F,16-May-73,aSP,1973,468,F081,785,,410,2,8,2
468LA_90_F081_F,02-Sep-81,Fa,1981,468,F081,815,450,405,1,8,2
468LA_900_F081_F,22-Sep-00,Fa,2000,468,F081,867,461,417,1,,2
468LA_901_F081_F,22-Sep-00,Fa,2000,468,F081,986,462,412,2,,2
468LA_902_F081_F,22-Sep-00,Fa,2000,468,F081,973,490,443,2,,2
468LA_903_F081_F,22-Sep-00,Fa,2000,468,F081,1164,537,480,1,,1
468LA_904_F081_F,22-Sep-00,Fa,2000,468,F081,1323,560,508,2,,2
468LA_905_F081_F,22-Sep-00,Fa,2000,468,F081,1021,475,426,2,,2
468LA_906_F081_F,22-Sep-00,Fa,2000,468,F081,770,451,405,2,,2
468LA_907_F081_F,22-Sep-00,Fa,2000,468,F081,1071,492,441,2,,2
468LA_908_F081_F,22-Sep-00,Fa,2000,468,F081,710,444,400,2,,2
468LA_909_F081_F,22-Sep-00,Fa,2000,468,F081,112,251,224,1,,1
468LA_91_F081_F,02-Sep-81,Fa,1981,468,F081,640,437,390,2,9,2
468LA_910_F081_F,22-Sep-00,Fa,2000,468,F081,143,270,243,2,,1
468LA_911_F081_F,22-Sep-00,Fa,2000,468,F081,227,354,319,2,,1
468LA_912_F081_F,22-Sep-00,Fa,2000,468,F081,662,424,388,2,,2
468LA_913_F081_F,04-Oct-00,Fa,2000,468,F081,605,417,375,1,,2
468LA_914_F081_F,04-Oct-00,Fa,2000,468,F081,107,237,215,9,,1
468LA_915_F081_F,25-Sep-01,Fa,2001,468,F081,875,457,408,2,,2
468LA_916_F081_F,25-Sep-01,Fa,2001,468,F081,916,492,437,1,,1
468LA_917_F081_F,25-Sep-01,Fa,2001,468,F081,882,481,434,2,,6
468LA_918_F081_F,25-Sep-01,Fa,2001,468,F081,384,419,373,2,,6
468LA_919_F081_F,25-Sep-01,Fa,2001,468,F081,765,454,413,1,,2
468LA_92_F081_F,02-Sep-81,Fa,1981,468,F081,5650,842,770,1,17,2
468LA_920_F081_F,25-Sep-01,Fa,2001,468,F081,710,453,409,2,,2
468LA_921_F081_F,25-Sep-01,Fa,2001,468,F081,1111,490,443,2,,2
468LA_922_F081_F,25-Sep-01,Fa,2001,468,F081,899,464,415,1,,2
468LA_923_F081_F,25-Sep-01,Fa,2001,468,F081,969,486,435,2,,2
468LA_924_F081_F,25-Sep-01,Fa,2001,468,F081,373,363,325,2,,1
468LA_925_F081_F,25-Sep-01,Fa,2001,468,F081,852,466,421,2,,2
468LA_926_F081_F,25-Sep-01,Fa,2001,468,F081,1213,507,460,2,,2
468LA_927_F081_F,25-Sep-01,Fa,2001,468,F081,1117,529,480,2,,6
468LA_928_F081_F,25-Sep-01,Fa,2001,468,F081,807,456,406,2,,6
468LA_929_F081_F,25-Sep-01,Fa,2001,468,F081,289,341,308,1,,1
468LA_93_F081_F,03-Oct-81,Fa,1981,468,F081,540,423,378,1,8,2
468LA_930_F081_F,25-Sep-01,Fa,2001,468,F081,1153,527,475,2,,2
468LA_931_F081_F,25-Sep-01,Fa,2001,468,F081,475,395,353,2,,6
468LA_932_F081_F,10-Oct-01,Fa,2001,468,F081,782,467,421,1,,2
468LA_933_F081_F,10-Oct-01,Fa,2001,468,F081,657,438,392,1,,2
468LA_934_F081_F,10-Oct-01,Fa,2001,468,F081,1274,550,493,,,
468LA_935_F081_F,10-Oct-01,Fa,2001,468,F081,2146,629,572,2,,2
468LA_936_F081_F,10-Oct-01,Fa,2001,468,F081,791,463,417,1,,2
468LA_937_F081_F,10-Oct-01,Fa,2001,468,F081,769,461,415,2,,2
468LA_938_F081_F,10-Oct-01,Fa,2001,468,F081,882,485,435,1,,2
468LA_939_F081_F,10-Oct-01,Fa,2001,468,F081,917,475,435,,,
468LA_94_F081_F,03-Oct-81,Fa,1981,468,F081,1368,537,483,1,12,2
468LA_940_F081_F,10-Oct-01,Fa,2001,468,F081,651,445,397,1,,2
468LA_941_F081_F,10-Oct-01,Fa,2001,468,F081,945,477,434,1,,2
468LA_942_F081_F,10-Oct-01,Fa,2001,468,F081,1183,510,457,2,,2
468LA_943_F081_F,10-Oct-01,Fa,2001,468,F081,730,456,410,1,,2
468LA_944_F081_F,10-Oct-01,Fa,2001,468,F081,813,481,433,2,,2
468LA_945_F081_F,10-Oct-01,Fa,2001,468,F081,621,439,392,1,,2
468LA_946_F081_F,10-Oct-01,Fa,2001,468,F081,961,471,425,2,,2
468LA_947_F081_F,10-Oct-01,Fa,2001,468,F081,1112,506,458,1,,2
468LA_948_F081_F,10-Oct-01,Fa,2001,468,F081,1142,497,448,2,,2
468LA_949_F081_F,10-Oct-01,Fa,2001,468,F081,949,480,433,1,,2
468LA_95_F081_F,03-Oct-81,Fa,1981,468,F081,2292,,602,,12,
468LA_950_F081_F,10-Oct-01,Fa,2001,468,F081,744,463,413,1,,2
468LA_951_F081_F,10-Oct-01,Fa,2001,468,F081,1007,479,432,2,,2
468LA_952_F081_F,10-Oct-01,Fa,2001,468,F081,849,490,438,2,,2
468LA_953_F081_F,10-Oct-01,Fa,2001,468,F081,891,468,421,2,,2
468LA_954_F081_F,10-Oct-01,Fa,2001,468,F081,759,463,418,1,,2
468LA_955_F081_F,10-Oct-01,Fa,2001,468,F081,638,446,402,1,,2
468LA_956_F081_F,10-Oct-01,Fa,2001,468,F081,732,462,415,1,,2
468LA_957_F081_F,10-Oct-01,Fa,2001,468,F081,810,471,427,2,,2
468LA_958_F081_F,10-Oct-01,Fa,2001,468,F081,884,486,433,1,,2
468LA_959_F081_F,10-Oct-01,Fa,2001,468,F081,803,470,423,1,,2
468LA_96_F081_F,03-Oct-81,Fa,1981,468,F081,174,296,263,,2,
468LA_960_F081_F,10-Oct-01,Fa,2001,468,F081,672,444,395,1,,2
468LA_961_F081_F,10-Oct-01,Fa,2001,468,F081,863,490,440,1,,2
468LA_962_F081_F,10-Oct-01,Fa,2001,468,F081,683,445,401,1,,2
468LA_963_F081_F,10-Oct-01,Fa,2001,468,F081,980,504,455,1,,2
468LA_964_F081_F,10-Oct-01,Fa,2001,468,F081,864,463,420,2,,2
468LA_965_F081_F,10-Oct-01,Fa,2001,468,F081,1005,520,467,2,,2
468LA_966_F081_F,10-Oct-01,Fa,2001,468,F081,620,439,396,1,,2
468LA_967_F081_F,10-Oct-01,Fa,2001,468,F081,859,478,430,1,,2
468LA_968_F081_F,10-Oct-01,Fa,2001,468,F081,832,471,425,2,,2
468LA_969_F081_F,10-Oct-01,Fa,2001,468,F081,787,448,405,1,,2
468LA_97_F081_F,03-Oct-81,Fa,1981,468,F081,716,444,399,1,10,2
468LA_970_F081_F,10-Oct-01,Fa,2001,468,F081,1053,495,450,2,,2
468LA_971_F081_F,02-Oct-02,Fa,2002,468,F081,294,456,408,2,,2
468LA_972_F081_F,02-Oct-02,Fa,2002,468,F081,445,395,355,1,,1
468LA_973_F081_F,02-Oct-02,Fa,2002,468,F081,1264,565,506,2,,6
468LA_974_F081_F,02-Oct-02,Fa,2002,468,F081,904,467,418,2,,6
468LA_975_F081_F,02-Oct-02,Fa,2002,468,F081,302,345,308,1,,1
468LA_976_F081_F,02-Oct-02,Fa,2002,468,F081,459,401,361,2,,6
468LA_977_F081_F,02-Oct-02,Fa,2002,468,F081,361,358,321,1,,1
468LA_978_F081_F,02-Oct-02,Fa,2002,468,F081,378,376,336,2,,1
468LA_979_F081_F,02-Oct-02,Fa,2002,468,F081,145,279,248,2,,1
468LA_98_F081_F,03-Oct-81,Fa,1981,468,F081,570,423,378,,8,
468LA_980_F081_F,02-Oct-02,Fa,2002,468,F081,325,366,332,1,,1
468LA_981_F081_F,02-Oct-02,Fa,2002,468,F081,426,372,334,2,,6
468LA_982_F081_F,02-Oct-02,Fa,2002,468,F081,523,395,355,2,,6
468LA_983_F081_F,02-Oct-02,Fa,2002,468,F081,861,479,428,1,,2
468LA_984_F081_F,02-Oct-02,Fa,2002,468,F081,864,471,425,2,,2
468LA_985_F081_F,02-Oct-02,Fa,2002,468,F081,213,467,422,1,,1
468LA_986_F081_F,02-Oct-02,Fa,2002,468,F081,1032,507,452,2,,2
468LA_987_F081_F,02-Oct-02,Fa,2002,468,F081,354,356,317,2,,1
468LA_988_F081_F,02-Oct-02,Fa,2002,468,F081,136,272,243,2,,1
468LA_989_F081_F,22-Oct-03,Fa,2003,468,F081,717,453,410,2,,2
468LA_99_F081_F,03-Oct-81,Fa,1981,468,F081,596,434,392,1,7,2
468LA_990_F081_F,22-Oct-03,Fa,2003,468,F081,822,466,425,1,,2
468LA_991_F081_F,22-Oct-03,Fa,2003,468,F081,667,443,396,1,,2
468LA_992_F081_F,22-Oct-03,Fa,2003,468,F081,762,473,427,2,,2
468LA_993_F081_F,22-Oct-03,Fa,2003,468,F081,398,367,330,2,,2
468LA_994_F081_F,22-Oct-03,Fa,2003,468,F081,447,392,350,2,,2
468LA_995_F081_F,22-Oct-03,Fa,2003,468,F081,1108,501,450,2,,2
468LA_996_F081_F,22-Oct-03,Fa,2003,468,F081,508,405,359,2,,2
468LA_997_F081_F,22-Oct-03,Fa,2003,468,F081,666,435,390,2,,2
468LA_998_F081_F,22-Oct-03,Fa,2003,468,F081,770,463,419,2,,2
468LA_999_F081_F,22-Oct-03,Fa,2003,468,F081,1916,633,568,2,,2
